checkpoint,repo,vocab_size,hidden_size,tie_word_embeddings,bytes_per_value,non_ternary_weight_bytes,what,source
microsoft__bitnet-b1.58-2B-4T,microsoft/bitnet-b1.58-2B-4T,128256,2560,true,2,656670720,output head (vocab x hidden 16-bit) read once per decoded token; norms and embedding row lookup ignored,https://huggingface.co/microsoft/bitnet-b1.58-2B-4T/raw/main/config.json
tiiuae__Falcon3-1B-Instruct-1.58bit,tiiuae/Falcon3-1B-Instruct-1.58bit,131072,2048,false,2,536870912,output head (vocab x hidden 16-bit) read once per decoded token; norms and embedding row lookup ignored,https://huggingface.co/tiiuae/Falcon3-1B-Instruct-1.58bit/raw/main/config.json
tiiuae__Falcon3-3B-Instruct-1.58bit,tiiuae/Falcon3-3B-Instruct-1.58bit,131072,3072,false,2,805306368,output head (vocab x hidden 16-bit) read once per decoded token; norms and embedding row lookup ignored,https://huggingface.co/tiiuae/Falcon3-3B-Instruct-1.58bit/raw/main/config.json
tiiuae__Falcon-E-1B-Instruct,tiiuae/Falcon-E-1B-Instruct,32768,2048,false,2,134217728,output head (vocab x hidden 16-bit) read once per decoded token; norms and embedding row lookup ignored,https://huggingface.co/tiiuae/Falcon-E-1B-Instruct/raw/main/config.json
tiiuae__Falcon-E-3B-Instruct,tiiuae/Falcon-E-3B-Instruct,32768,2048,false,2,134217728,output head (vocab x hidden 16-bit) read once per decoded token; norms and embedding row lookup ignored,https://huggingface.co/tiiuae/Falcon-E-3B-Instruct/raw/main/config.json
SpectraSuite__TriLM_1.1B_Unpacked,SpectraSuite/TriLM_1.1B_Unpacked,50432,1792,false,2,180748288,output head (vocab x hidden 16-bit) read once per decoded token; norms and embedding row lookup ignored,https://huggingface.co/SpectraSuite/TriLM_1.1B_Unpacked/raw/main/config.json
1bitLLM__bitnet_b1_58-large,1bitLLM/bitnet_b1_58-large,32002,1536,true,4,196620288,output head (vocab x hidden F32 in the analyzed checkpoint) read once per decoded token; norms and embedding row lookup ignored,data/real_checkpoints/1bitLLM__bitnet_b1_58-large_summary_2026-09-25.json
tiiuae__Falcon3-7B-Instruct-1.58bit,tiiuae/Falcon3-7B-Instruct-1.58bit,131080,3072,false,2,805355520,output head (vocab x hidden 16-bit) read once per decoded token; norms and embedding row lookup ignored,https://huggingface.co/tiiuae/Falcon3-7B-Instruct-1.58bit/raw/main/config.json
HF1BitLLM__Llama3-8B-1.58-100B-tokens,HF1BitLLM/Llama3-8B-1.58-100B-tokens,128256,4096,false,2,1050673152,output head (vocab x hidden 16-bit; assumed 16-bit because only the seven projection types per block are ternary in the analysis) read once per decoded token; norms and embedding row lookup ignored,https://huggingface.co/HF1BitLLM/Llama3-8B-1.58-100B-tokens/raw/main/config.json
IntelLabsChina__CAT-Q__qwen3-1.7b,IntelLabsChina/CAT-Q (qwen3-1.7b),151936,2048,true,2,622329856,output head (vocab x hidden fp16; tied to token_embd in the GGUF) read once per decoded token; norms and embedding row lookup ignored,GGUF header of qwen3-1.7b/Qwen3-1.7B-catq-q2_0.gguf (token_embd.weight dims and type; no output.weight tensor)
IntelLabsChina__CAT-Q__qwen3-4b,IntelLabsChina/CAT-Q (qwen3-4b),151936,2560,true,2,777912320,output head (vocab x hidden fp16; tied to token_embd in the GGUF) read once per decoded token; norms and embedding row lookup ignored,GGUF header of qwen3-4b/Qwen3-4B-catq-q2_0.gguf (token_embd.weight dims and type; no output.weight tensor)
IntelLabsChina__CAT-Q__qwen3-8b,IntelLabsChina/CAT-Q (qwen3-8b),151936,4096,false,2,1244659712,output head (vocab x hidden fp16; output.weight in the GGUF) read once per decoded token; norms and embedding row lookup ignored,GGUF header of qwen3-8b/Qwen3-8B-catq-q2_0.gguf (output.weight dims and type)
IntelLabsChina__CAT-Q__llama2-7b,IntelLabsChina/CAT-Q (llama2-7b),32000,4096,false,2,262144000,output head (vocab x hidden fp16; output.weight in the GGUF) read once per decoded token; norms and embedding row lookup ignored,GGUF header of llama2-7b/Llama-2-7b-hf-catq-q2_0.gguf (output.weight dims and type)
