input_delay_ns,output_delay_ns,clock_period_ns,tace_stream5_min_area,tace_stream5_point,tace_stream5_fed_min_area,tace_stream5_fed_point,bitcos_stream5_bank_fed_min_area,bitcos_stream5_bank_fed_point,bitcos_stream5_bank_fed_area_vs_five_trit_pct,bitcos_stream5_bytecursor_min_area,bitcos_stream5_bytecursor_point,bitcos_stream5_bytecursor_area_vs_five_trit_pct,bitcos_stream5_direct_min_area,bitcos_stream5_direct_point,bitcos_stream5_direct_area_vs_five_trit_pct,bitcos_stream5_directiso_min_area,bitcos_stream5_directiso_point,bitcos_stream5_directiso_area_vs_five_trit_pct,bitcos_stream5_fed_min_area,bitcos_stream5_fed_point,bitcos_stream5_fed_area_vs_five_trit_pct,bitcos_stream5_fullfront_min_area,bitcos_stream5_fullfront_point,bitcos_stream5_fullfront_area_vs_five_trit_pct
0.00,0.00,1.30,,,,,1774.486,map_sized:1150,,1270.150,map_sized:1150,,,,,,,,,,,,,
0.00,0.00,1.35,,,,,1671.810,map_sized:1200,,1246.476,map_sized:1200,,1403.150,map_sized:900,,,,,,,,1491.728,map_sized:900,
0.00,0.00,1.40,,,,,1558.760,map_sized:1250,,1156.036,map_sized:1250,,1353.940,map_sized:1250,,1379.210,map_sized:1250,,1831.144,map_sized:1200,,1324.680,map_sized:1250,
0.00,0.00,1.45,,,,,1539.342,map_sized:1300,,1129.968,map_sized:1300,,1325.744,map_sized:1300,,1286.908,map_sized:1300,,1804.012,map_sized:1300,,1297.814,map_sized:1300,
0.00,0.00,1.50,,,1563.016,map_sized:900,1486.142,map_sized:1350,-4.92,1081.822,map_sized:1400,,1255.254,map_sized:1350,,1236.102,map_sized:1350,,1732.724,map_sized:1350,+10.86,1248.072,map_sized:1350,
0.00,0.00,1.55,1305.528,map_sized:1450,1520.988,map_sized:1450,1466.990,map_sized:1400,-3.55,1081.822,map_sized:1400,-17.14,1202.054,map_sized:1400,-7.93,1236.102,map_sized:1350,-5.32,1700.538,map_sized:1400,+11.80,1208.704,map_sized:1400,-7.42
0.00,0.00,1.60,1217.748,map_sized:1550,1373.358,map_sized:1550,1448.636,map_sized:1450,+5.48,1045.114,map_sized:1500,-14.18,1186.892,map_sized:1450,-2.53,1194.872,map_sized:1450,-1.88,1624.994,map_sized:1500,+18.32,1182.902,map_sized:1450,-2.86
0.00,0.00,1.65,1185.562,map_sized:1600,1332.394,map_sized:1600,1448.104,map_sized:1500,+8.68,1045.114,map_sized:1500,-11.85,1164.548,map_sized:1500,-1.77,1168.538,map_sized:1500,-1.44,1624.994,map_sized:1500,+21.96,1155.770,map_sized:1500,-2.51
0.00,0.00,1.70,1185.562,map_sized:1600,1332.394,map_sized:1600,1436.666,map_sized:1550,+7.83,1019.312,map_sized:1600,-14.02,1142.204,map_sized:1550,-3.66,1131.032,map_sized:1600,-4.60,1611.162,map_sized:1550,+20.92,1133.160,map_sized:1550,-4.42
0.00,0.00,1.75,1184.232,map_sized:1650,1290.898,map_sized:1700,1416.184,nf_sized:1650,+9.71,1019.312,map_sized:1600,-13.93,1135.288,map_sized:1600,-4.13,1119.062,map_sized:1650,-5.50,1596.000,map_sized:1650,+23.63,1125.978,map_sized:1600,-4.92
0.00,0.00,1.80,1079.162,map_sized:1750,1279.992,map_sized:1750,1412.460,nf_sized:1700,+10.35,1019.312,map_sized:1600,-5.55,1121.456,map_sized:1650,+3.92,1107.092,map_sized:1700,+2.59,1596.000,map_sized:1650,+24.69,1107.890,map_sized:1650,+2.66
0.00,0.00,1.85,1063.734,map_sized:1800,1268.288,map_sized:1800,1412.194,nf_sized:1750,+11.35,1019.312,map_sized:1600,-4.18,1114.806,map_sized:1700,+4.80,1103.634,map_sized:1750,+3.75,1580.040,map_sized:1750,+24.58,1107.890,map_sized:1650,+4.15
0.00,0.00,1.90,1063.734,map_sized:1800,1237.166,map_sized:1850,1412.194,nf_sized:1750,+14.15,1019.312,map_sized:1600,-4.18,1114.274,map_sized:1750,+4.75,1095.122,map_sized:1800,+2.95,1574.720,nf_sized:1800,+27.28,1095.654,map_sized:1800,+3.00
0.00,0.00,1.95,1054.158,map_sized:1900,1224.930,map_sized:1900,1412.194,nf_sized:1750,+15.29,1019.312,map_sized:1600,-3.31,1099.644,map_sized:1850,+4.31,1095.122,map_sized:1800,+3.89,1573.656,nf_sized:1850,+28.47,1095.654,map_sized:1800,+3.94
0.00,0.00,2.00,1044.050,map_sized:1950,1221.206,map_sized:1950,1412.194,nf_sized:1750,+15.64,1019.312,map_sized:1600,-2.37,1099.644,map_sized:1850,+5.32,1095.122,map_sized:1800,+4.89,1573.656,nf_sized:1850,+28.86,1095.654,map_sized:1800,+4.94
0.00,0.00,2.05,1035.804,map_sized:2050,1218.546,map_sized:2000,1412.194,nf_sized:1750,+15.89,1019.312,map_sized:1600,-1.59,1099.644,map_sized:1850,+6.16,1095.122,map_sized:1800,+5.73,1573.656,nf_sized:1850,+29.14,1095.654,map_sized:1800,+5.78
0.00,0.00,2.10,1033.942,map_sized:2100,1207.108,map_sized:2050,1386.658,default:,+14.87,1019.312,default:,-1.41,1099.644,map_sized:1850,+6.35,1095.122,map_sized:1800,+5.92,1573.656,nf_sized:1850,+30.37,1095.654,map_sized:1800,+5.97
0.00,0.00,2.15,1029.952,map_sized:2150,1205.778,map_sized:2100,1386.658,default:,+15.00,1019.312,default:,-1.03,1093.792,default:,+6.20,1095.122,map_sized:1800,+6.33,1573.656,nf_sized:1850,+30.51,1095.654,map_sized:1800,+6.38
0.00,0.00,2.20,1028.888,map_sized:2300,1200.192,map_sized:2250,1386.658,default:,+15.54,1019.312,default:,-0.93,1093.792,default:,+6.31,1088.738,default:,+5.82,1545.726,default:,+28.79,1089.802,default:,+5.92
0.00,0.00,2.25,1028.888,map_sized:2300,1200.192,map_sized:2250,1386.658,default:,+15.54,1019.312,default:,-0.93,1093.792,default:,+6.31,1088.738,default:,+5.82,1545.726,default:,+28.79,1089.802,default:,+5.92
0.00,0.00,2.30,1028.888,map_sized:2300,1200.192,map_sized:2250,1386.658,default:,+15.54,1019.312,default:,-0.93,1093.792,default:,+6.31,1088.738,default:,+5.82,1545.726,default:,+28.79,1089.802,default:,+5.92
0.00,0.00,2.35,1028.888,map_sized:2300,1200.192,map_sized:2250,1386.658,default:,+15.54,1019.312,default:,-0.93,1093.792,default:,+6.31,1088.738,default:,+5.82,1545.726,default:,+28.79,1089.802,default:,+5.92
0.00,0.00,2.40,1028.888,map_sized:2300,1200.192,map_sized:2250,1386.658,default:,+15.54,1019.312,default:,-0.93,1093.792,default:,+6.31,1088.738,default:,+5.82,1545.726,default:,+28.79,1089.802,default:,+5.92
0.00,0.00,2.45,1028.888,map_sized:2300,1200.192,map_sized:2250,1386.658,default:,+15.54,1019.312,default:,-0.93,1093.792,default:,+6.31,1088.738,default:,+5.82,1545.726,default:,+28.79,1089.802,default:,+5.92
0.00,0.00,2.50,1028.888,map_sized:2300,1200.192,map_sized:2250,1386.658,default:,+15.54,1019.312,default:,-0.93,1093.792,default:,+6.31,1088.738,default:,+5.82,1545.726,default:,+28.79,1089.802,default:,+5.92
0.00,0.00,2.55,1028.888,map_sized:2300,1200.192,map_sized:2250,1386.658,default:,+15.54,1019.312,default:,-0.93,1093.792,default:,+6.31,1088.738,default:,+5.82,1545.726,default:,+28.79,1089.802,default:,+5.92
0.00,0.00,2.60,1028.888,map_sized:2300,1200.192,map_sized:2250,1386.658,default:,+15.54,1019.312,default:,-0.93,1093.792,default:,+6.31,1088.738,default:,+5.82,1545.726,default:,+28.79,1089.802,default:,+5.92
0.10,0.00,1.30,,,,,1776.880,map_sized:900,,1397.830,map_sized:900,,,,,,,,,,,,,
0.10,0.00,1.35,,,,,1671.810,map_sized:1200,,1246.476,map_sized:1200,,1403.150,map_sized:900,,,,,,,,1491.728,map_sized:900,
0.10,0.00,1.40,,,,,1558.760,map_sized:1250,,1156.036,map_sized:1250,,1353.940,map_sized:1250,,1379.210,map_sized:1250,,1831.144,map_sized:1200,,1324.680,map_sized:1250,
0.10,0.00,1.45,,,,,1539.342,map_sized:1300,,1129.968,map_sized:1300,,1325.744,map_sized:1300,,1286.908,map_sized:1300,,1804.012,map_sized:1300,,1297.814,map_sized:1300,
0.10,0.00,1.50,,,,,1486.142,map_sized:1350,,1081.822,map_sized:1400,,1255.254,map_sized:1350,,1236.102,map_sized:1350,,1732.724,map_sized:1350,,1248.072,map_sized:1350,
0.10,0.00,1.55,,,,,1466.990,map_sized:1400,,1081.822,map_sized:1400,,1202.054,map_sized:1400,,1236.102,map_sized:1350,,1700.538,map_sized:1400,,1208.704,map_sized:1400,
0.10,0.00,1.60,,,1563.016,map_sized:900,1448.636,map_sized:1450,-7.32,1065.330,map_sized:1450,,1186.892,map_sized:1450,,1194.872,map_sized:1450,,1624.994,map_sized:1500,+3.97,1182.902,map_sized:1450,
0.10,0.00,1.65,1305.528,map_sized:1450,1520.988,map_sized:1450,1448.104,map_sized:1500,-4.79,1045.114,map_sized:1500,-19.95,1164.548,map_sized:1500,-10.80,1168.538,map_sized:1500,-10.49,1624.994,map_sized:1500,+6.84,1155.770,map_sized:1500,-11.47
0.10,0.00,1.70,1217.748,map_sized:1550,1373.358,map_sized:1550,1436.666,map_sized:1550,+4.61,1019.312,map_sized:1600,-16.30,1142.204,map_sized:1550,-6.20,1131.032,map_sized:1600,-7.12,1611.162,map_sized:1550,+17.32,1133.160,map_sized:1550,-6.95
0.10,0.00,1.75,1185.562,map_sized:1600,1332.394,map_sized:1600,1416.184,nf_sized:1650,+6.29,1019.312,map_sized:1600,-14.02,1135.288,map_sized:1600,-4.24,1119.062,map_sized:1650,-5.61,1596.000,map_sized:1650,+19.78,1125.978,map_sized:1600,-5.03
0.10,0.00,1.80,1185.562,map_sized:1600,1332.394,map_sized:1600,1412.460,nf_sized:1700,+6.01,1019.312,map_sized:1600,-14.02,1121.456,map_sized:1650,-5.41,1107.092,map_sized:1700,-6.62,1596.000,map_sized:1650,+19.78,1107.890,map_sized:1650,-6.55
0.10,0.00,1.85,1184.232,map_sized:1650,1290.898,map_sized:1700,1412.194,nf_sized:1750,+9.40,1019.312,map_sized:1600,-13.93,1114.806,map_sized:1700,-5.86,1103.634,map_sized:1750,-6.81,1580.040,map_sized:1750,+22.40,1107.890,map_sized:1650,-6.45
0.10,0.00,1.90,1079.162,map_sized:1750,1279.992,map_sized:1750,1412.194,nf_sized:1750,+10.33,1019.312,map_sized:1600,-5.55,1114.274,map_sized:1750,+3.25,1095.122,map_sized:1800,+1.48,1574.720,nf_sized:1800,+23.03,1095.654,map_sized:1800,+1.53
0.10,0.00,1.95,1063.734,map_sized:1800,1268.288,map_sized:1800,1412.194,nf_sized:1750,+11.35,1019.312,map_sized:1600,-4.18,1099.644,map_sized:1850,+3.38,1095.122,map_sized:1800,+2.95,1573.656,nf_sized:1850,+24.08,1095.654,map_sized:1800,+3.00
0.10,0.00,2.00,1063.734,map_sized:1800,1237.166,map_sized:1850,1412.194,nf_sized:1750,+14.15,1019.312,map_sized:1600,-4.18,1099.644,map_sized:1850,+3.38,1095.122,map_sized:1800,+2.95,1573.656,nf_sized:1850,+27.20,1095.654,map_sized:1800,+3.00
0.10,0.00,2.05,1054.158,map_sized:1900,1224.930,map_sized:1900,1412.194,nf_sized:1750,+15.29,1019.312,map_sized:1600,-3.31,1099.644,map_sized:1850,+4.31,1095.122,map_sized:1800,+3.89,1573.656,nf_sized:1850,+28.47,1095.654,map_sized:1800,+3.94
0.10,0.00,2.10,1044.050,map_sized:1950,1221.206,map_sized:1950,1386.658,default:,+13.55,1019.312,default:,-2.37,1099.644,map_sized:1850,+5.32,1095.122,map_sized:1800,+4.89,1573.656,nf_sized:1850,+28.86,1095.654,map_sized:1800,+4.94
0.10,0.00,2.15,1035.804,map_sized:2050,1218.546,map_sized:2000,1386.658,default:,+13.80,1019.312,default:,-1.59,1093.792,default:,+5.60,1095.122,map_sized:1800,+5.73,1573.656,nf_sized:1850,+29.14,1095.654,map_sized:1800,+5.78
0.10,0.00,2.20,1033.942,map_sized:2100,1207.108,map_sized:2050,1386.658,default:,+14.87,1019.312,default:,-1.41,1093.792,default:,+5.79,1088.738,default:,+5.30,1545.726,default:,+28.05,1089.802,default:,+5.40
0.10,0.00,2.25,1029.952,map_sized:2150,1205.778,map_sized:2100,1386.658,default:,+15.00,1019.312,default:,-1.03,1093.792,default:,+6.20,1088.738,default:,+5.71,1545.726,default:,+28.19,1089.802,default:,+5.81
0.10,0.00,2.30,1028.888,map_sized:2300,1200.192,map_sized:2250,1386.658,default:,+15.54,1019.312,default:,-0.93,1093.792,default:,+6.31,1088.738,default:,+5.82,1545.726,default:,+28.79,1089.802,default:,+5.92
0.10,0.00,2.35,1028.888,map_sized:2300,1200.192,map_sized:2250,1386.658,default:,+15.54,1019.312,default:,-0.93,1093.792,default:,+6.31,1088.738,default:,+5.82,1545.726,default:,+28.79,1089.802,default:,+5.92
0.10,0.00,2.40,1028.888,map_sized:2300,1200.192,map_sized:2250,1386.658,default:,+15.54,1019.312,default:,-0.93,1093.792,default:,+6.31,1088.738,default:,+5.82,1545.726,default:,+28.79,1089.802,default:,+5.92
0.10,0.00,2.45,1028.888,map_sized:2300,1200.192,map_sized:2250,1386.658,default:,+15.54,1019.312,default:,-0.93,1093.792,default:,+6.31,1088.738,default:,+5.82,1545.726,default:,+28.79,1089.802,default:,+5.92
0.10,0.00,2.50,1028.888,map_sized:2300,1200.192,map_sized:2250,1386.658,default:,+15.54,1019.312,default:,-0.93,1093.792,default:,+6.31,1088.738,default:,+5.82,1545.726,default:,+28.79,1089.802,default:,+5.92
0.10,0.00,2.55,1028.888,map_sized:2300,1200.192,map_sized:2250,1386.658,default:,+15.54,1019.312,default:,-0.93,1093.792,default:,+6.31,1088.738,default:,+5.82,1545.726,default:,+28.79,1089.802,default:,+5.92
0.10,0.00,2.60,1028.888,map_sized:2300,1200.192,map_sized:2250,1386.658,default:,+15.54,1019.312,default:,-0.93,1093.792,default:,+6.31,1088.738,default:,+5.82,1545.726,default:,+28.79,1089.802,default:,+5.92
0.20,0.00,1.30,,,,,,,,,,,,,,,,,,,,,,
0.20,0.00,1.35,,,,,,,,,,,,,,,,,,,,,,
0.20,0.00,1.40,,,,,1776.880,map_sized:900,,1397.830,map_sized:900,,,,,,,,,,,,,
0.20,0.00,1.45,,,,,1671.810,map_sized:1200,,1246.476,map_sized:1200,,1403.150,map_sized:900,,1467.256,map_sized:900,,1850.828,map_sized:1250,,1491.728,map_sized:900,
0.20,0.00,1.50,,,,,1558.760,map_sized:1250,,1156.036,map_sized:1250,,1353.940,map_sized:1250,,1379.210,map_sized:1250,,1804.012,map_sized:1300,,1324.680,map_sized:1250,
0.20,0.00,1.55,,,,,1539.342,map_sized:1300,,1129.968,map_sized:1300,,1325.744,map_sized:1300,,1286.908,map_sized:1300,,1732.724,map_sized:1350,,1297.814,map_sized:1300,
0.20,0.00,1.60,,,,,1486.142,map_sized:1350,,1081.822,map_sized:1400,,1255.254,map_sized:1350,,1236.102,map_sized:1350,,1732.724,map_sized:1350,,1248.072,map_sized:1350,
0.20,0.00,1.65,,,,,1466.990,map_sized:1400,,1081.822,map_sized:1400,,1186.892,map_sized:1450,,1236.102,map_sized:1350,,1658.510,map_sized:1450,,1208.704,map_sized:1400,
0.20,0.00,1.70,,,1563.016,map_sized:900,1448.636,map_sized:1450,-7.32,1065.330,map_sized:1450,,1164.548,map_sized:1500,,1194.872,map_sized:1450,,1624.994,map_sized:1500,+3.97,1182.902,map_sized:1450,
0.20,0.00,1.75,1305.528,map_sized:1450,1520.988,map_sized:1450,1448.104,map_sized:1500,-4.79,1045.114,map_sized:1500,-19.95,1142.204,map_sized:1550,-12.51,1148.854,map_sized:1550,-12.00,1611.162,map_sized:1550,+5.93,1133.160,map_sized:1550,-13.20
0.20,0.00,1.80,1217.748,map_sized:1550,1373.358,map_sized:1550,1427.356,nf_sized:1600,+3.93,1019.312,map_sized:1600,-16.30,1142.204,map_sized:1550,-6.20,1131.032,map_sized:1600,-7.12,1611.162,map_sized:1550,+17.32,1125.978,map_sized:1600,-7.54
0.20,0.00,1.85,1185.562,map_sized:1600,1332.394,map_sized:1600,1412.194,nf_sized:1750,+5.99,1019.312,map_sized:1600,-14.02,1121.456,map_sized:1650,-5.41,1119.062,map_sized:1650,-5.61,1596.000,map_sized:1650,+19.78,1125.978,map_sized:1600,-5.03
0.20,0.00,1.90,1185.562,map_sized:1600,1332.394,map_sized:1600,1412.194,nf_sized:1750,+5.99,1019.312,map_sized:1600,-14.02,1114.806,map_sized:1700,-5.97,1107.092,map_sized:1700,-6.62,1574.720,nf_sized:1800,+18.19,1107.890,map_sized:1650,-6.55
0.20,0.00,1.95,1184.232,map_sized:1650,1290.898,map_sized:1700,1412.194,nf_sized:1750,+9.40,1019.312,map_sized:1600,-13.93,1114.806,map_sized:1700,-5.86,1103.634,map_sized:1750,-6.81,1573.656,nf_sized:1850,+21.90,1095.654,map_sized:1800,-7.48
0.20,0.00,2.00,1079.162,map_sized:1750,1279.992,map_sized:1750,1412.194,nf_sized:1750,+10.33,1019.312,map_sized:1600,-5.55,1099.644,map_sized:1850,+1.90,1095.122,map_sized:1800,+1.48,1573.656,nf_sized:1850,+22.94,1095.654,map_sized:1800,+1.53
0.20,0.00,2.05,1063.734,map_sized:1800,1268.288,map_sized:1800,1412.194,nf_sized:1750,+11.35,1019.312,map_sized:1600,-4.18,1099.644,map_sized:1850,+3.38,1095.122,map_sized:1800,+2.95,1573.656,nf_sized:1850,+24.08,1095.654,map_sized:1800,+3.00
0.20,0.00,2.10,1063.734,map_sized:1800,1237.166,map_sized:1850,1386.658,default:,+12.08,1019.312,map_sized:1600,-4.18,1099.644,map_sized:1850,+3.38,1095.122,map_sized:1800,+2.95,1573.656,nf_sized:1850,+27.20,1095.654,map_sized:1800,+3.00
0.20,0.00,2.15,1054.158,map_sized:1900,1224.930,map_sized:1900,1386.658,default:,+13.20,1019.312,default:,-3.31,1099.644,map_sized:1850,+4.31,1095.122,map_sized:1800,+3.89,1573.656,nf_sized:1850,+28.47,1095.654,map_sized:1800,+3.94
0.20,0.00,2.20,1044.050,map_sized:1950,1221.206,map_sized:1950,1386.658,default:,+13.55,1019.312,default:,-2.37,1093.792,default:,+4.76,1095.122,map_sized:1800,+4.89,1573.656,nf_sized:1850,+28.86,1095.654,map_sized:1800,+4.94
0.20,0.00,2.25,1035.804,map_sized:2050,1218.546,map_sized:2000,1386.658,default:,+13.80,1019.312,default:,-1.59,1093.792,default:,+5.60,1088.738,default:,+5.11,1545.726,default:,+26.85,1089.802,default:,+5.21
0.20,0.00,2.30,1033.942,map_sized:2100,1207.108,map_sized:2050,1386.658,default:,+14.87,1019.312,default:,-1.41,1093.792,default:,+5.79,1088.738,default:,+5.30,1545.726,default:,+28.05,1089.802,default:,+5.40
0.20,0.00,2.35,1029.952,map_sized:2150,1205.778,map_sized:2100,1386.658,default:,+15.00,1019.312,default:,-1.03,1093.792,default:,+6.20,1088.738,default:,+5.71,1545.726,default:,+28.19,1089.802,default:,+5.81
0.20,0.00,2.40,1028.888,map_sized:2300,1200.192,map_sized:2250,1386.658,default:,+15.54,1019.312,default:,-0.93,1093.792,default:,+6.31,1088.738,default:,+5.82,1545.726,default:,+28.79,1089.802,default:,+5.92
0.20,0.00,2.45,1028.888,map_sized:2300,1200.192,map_sized:2250,1386.658,default:,+15.54,1019.312,default:,-0.93,1093.792,default:,+6.31,1088.738,default:,+5.82,1545.726,default:,+28.79,1089.802,default:,+5.92
0.20,0.00,2.50,1028.888,map_sized:2300,1200.192,map_sized:2250,1386.658,default:,+15.54,1019.312,default:,-0.93,1093.792,default:,+6.31,1088.738,default:,+5.82,1545.726,default:,+28.79,1089.802,default:,+5.92
0.20,0.00,2.55,1028.888,map_sized:2300,1200.192,map_sized:2250,1386.658,default:,+15.54,1019.312,default:,-0.93,1093.792,default:,+6.31,1088.738,default:,+5.82,1545.726,default:,+28.79,1089.802,default:,+5.92
0.20,0.00,2.60,1028.888,map_sized:2300,1200.192,map_sized:2250,1386.658,default:,+15.54,1019.312,default:,-0.93,1093.792,default:,+6.31,1088.738,default:,+5.82,1545.726,default:,+28.79,1089.802,default:,+5.92
0.30,0.00,1.30,,,,,,,,,,,,,,,,,,,,,,
0.30,0.00,1.35,,,,,,,,,,,,,,,,,,,,,,
0.30,0.00,1.40,,,,,,,,,,,,,,,,,,,,,,
0.30,0.00,1.45,,,,,,,,,,,,,,,,,,,,,,
0.30,0.00,1.50,,,,,1776.880,map_sized:900,,1397.830,map_sized:900,,,,,,,,,,,,,
0.30,0.00,1.55,,,,,1671.810,map_sized:1200,,1246.476,map_sized:1200,,1403.150,map_sized:900,,1467.256,map_sized:900,,1850.828,map_sized:1250,,1491.728,map_sized:900,
0.30,0.00,1.60,,,,,1558.760,map_sized:1250,,1156.036,map_sized:1250,,1353.940,map_sized:1250,,1379.210,map_sized:1250,,1804.012,map_sized:1300,,1324.680,map_sized:1250,
0.30,0.00,1.65,,,,,1539.342,map_sized:1300,,1129.968,map_sized:1300,,1325.744,map_sized:1300,,1286.908,map_sized:1300,,1732.724,map_sized:1350,,1297.814,map_sized:1300,
0.30,0.00,1.70,,,,,1486.142,map_sized:1350,,1081.822,map_sized:1400,,1255.254,map_sized:1350,,1236.102,map_sized:1350,,1732.724,map_sized:1350,,1248.072,map_sized:1350,
0.30,0.00,1.75,,,,,1466.990,map_sized:1400,,1081.822,map_sized:1400,,1186.892,map_sized:1450,,1236.102,map_sized:1350,,1658.510,map_sized:1450,,1208.704,map_sized:1400,
0.30,0.00,1.80,,,1563.016,map_sized:900,1448.636,map_sized:1450,-7.32,1065.330,map_sized:1450,,1164.548,map_sized:1500,,1194.872,map_sized:1450,,1624.994,map_sized:1500,+3.97,1182.902,map_sized:1450,
0.30,0.00,1.85,1305.528,map_sized:1450,1520.988,map_sized:1450,1448.104,map_sized:1500,-4.79,1045.114,map_sized:1500,-19.95,1142.204,map_sized:1550,-12.51,1148.854,map_sized:1550,-12.00,1611.162,map_sized:1550,+5.93,1133.160,map_sized:1550,-13.20
0.30,0.00,1.90,1217.748,map_sized:1550,1373.358,map_sized:1550,1427.356,nf_sized:1600,+3.93,1019.312,map_sized:1600,-16.30,1142.204,map_sized:1550,-6.20,1131.032,map_sized:1600,-7.12,1611.162,map_sized:1550,+17.32,1125.978,map_sized:1600,-7.54
0.30,0.00,1.95,1185.562,map_sized:1600,1332.394,map_sized:1600,1412.194,nf_sized:1750,+5.99,1019.312,map_sized:1600,-14.02,1121.456,map_sized:1650,-5.41,1119.062,map_sized:1650,-5.61,1596.000,map_sized:1650,+19.78,1125.978,map_sized:1600,-5.03
0.30,0.00,2.00,1185.562,map_sized:1600,1332.394,map_sized:1600,1412.194,nf_sized:1750,+5.99,1019.312,map_sized:1600,-14.02,1114.806,map_sized:1700,-5.97,1107.092,map_sized:1700,-6.62,1574.720,nf_sized:1800,+18.19,1107.890,map_sized:1650,-6.55
0.30,0.00,2.05,1184.232,map_sized:1650,1290.898,map_sized:1700,1412.194,nf_sized:1750,+9.40,1019.312,map_sized:1600,-13.93,1114.806,map_sized:1700,-5.86,1103.634,map_sized:1750,-6.81,1573.656,nf_sized:1850,+21.90,1095.654,map_sized:1800,-7.48
0.30,0.00,2.10,1079.162,map_sized:1750,1279.992,map_sized:1750,1412.194,nf_sized:1750,+10.33,1019.312,map_sized:1600,-5.55,1099.644,map_sized:1850,+1.90,1095.122,map_sized:1800,+1.48,1573.656,nf_sized:1850,+22.94,1095.654,map_sized:1800,+1.53
0.30,0.00,2.15,1063.734,map_sized:1800,1268.288,map_sized:1800,1412.194,nf_sized:1750,+11.35,1019.312,map_sized:1600,-4.18,1099.644,map_sized:1850,+3.38,1095.122,map_sized:1800,+2.95,1573.656,nf_sized:1850,+24.08,1095.654,map_sized:1800,+3.00
0.30,0.00,2.20,1063.734,map_sized:1800,1237.166,map_sized:1850,1386.658,default:,+12.08,1019.312,map_sized:1600,-4.18,1099.644,map_sized:1850,+3.38,1095.122,map_sized:1800,+2.95,1573.656,nf_sized:1850,+27.20,1095.654,map_sized:1800,+3.00
0.30,0.00,2.25,1054.158,map_sized:1900,1224.930,map_sized:1900,1386.658,default:,+13.20,1019.312,default:,-3.31,1099.644,map_sized:1850,+4.31,1095.122,map_sized:1800,+3.89,1573.656,nf_sized:1850,+28.47,1095.654,map_sized:1800,+3.94
0.30,0.00,2.30,1044.050,map_sized:1950,1221.206,map_sized:1950,1386.658,default:,+13.55,1019.312,default:,-2.37,1093.792,default:,+4.76,1095.122,map_sized:1800,+4.89,1573.656,nf_sized:1850,+28.86,1095.654,map_sized:1800,+4.94
0.30,0.00,2.35,1035.804,map_sized:2050,1218.546,map_sized:2000,1386.658,default:,+13.80,1019.312,default:,-1.59,1093.792,default:,+5.60,1088.738,default:,+5.11,1545.726,default:,+26.85,1089.802,default:,+5.21
0.30,0.00,2.40,1033.942,map_sized:2100,1207.108,map_sized:2050,1386.658,default:,+14.87,1019.312,default:,-1.41,1093.792,default:,+5.79,1088.738,default:,+5.30,1545.726,default:,+28.05,1089.802,default:,+5.40
0.30,0.00,2.45,1029.952,map_sized:2150,1205.778,map_sized:2100,1386.658,default:,+15.00,1019.312,default:,-1.03,1093.792,default:,+6.20,1088.738,default:,+5.71,1545.726,default:,+28.19,1089.802,default:,+5.81
0.30,0.00,2.50,1028.888,map_sized:2300,1200.192,map_sized:2250,1386.658,default:,+15.54,1019.312,default:,-0.93,1093.792,default:,+6.31,1088.738,default:,+5.82,1545.726,default:,+28.79,1089.802,default:,+5.92
0.30,0.00,2.55,1028.888,map_sized:2300,1200.192,map_sized:2250,1386.658,default:,+15.54,1019.312,default:,-0.93,1093.792,default:,+6.31,1088.738,default:,+5.82,1545.726,default:,+28.79,1089.802,default:,+5.92
0.30,0.00,2.60,1028.888,map_sized:2300,1200.192,map_sized:2250,1386.658,default:,+15.54,1019.312,default:,-0.93,1093.792,default:,+6.31,1088.738,default:,+5.82,1545.726,default:,+28.79,1089.802,default:,+5.92
0.00,0.10,1.30,,,,,1774.486,map_sized:1150,,1270.150,map_sized:1150,,,,,,,,,,,,,
0.00,0.10,1.35,,,,,1671.810,map_sized:1200,,1246.476,map_sized:1200,,1403.150,map_sized:900,,,,,,,,1491.728,map_sized:900,
0.00,0.10,1.40,,,,,1558.760,map_sized:1250,,1156.036,map_sized:1250,,1353.940,map_sized:1250,,1379.210,map_sized:1250,,1831.144,map_sized:1200,,1324.680,map_sized:1250,
0.00,0.10,1.45,,,,,1539.342,map_sized:1300,,1129.968,map_sized:1300,,1325.744,map_sized:1300,,1286.908,map_sized:1300,,1804.012,map_sized:1300,,1297.814,map_sized:1300,
0.00,0.10,1.50,,,1563.016,map_sized:900,1486.142,map_sized:1350,-4.92,1081.822,map_sized:1400,,1255.254,map_sized:1350,,1236.102,map_sized:1350,,1732.724,map_sized:1350,+10.86,1248.072,map_sized:1350,
0.00,0.10,1.55,1305.528,map_sized:1450,1520.988,map_sized:1450,1466.990,map_sized:1400,-3.55,1081.822,map_sized:1400,-17.14,1202.054,map_sized:1400,-7.93,1236.102,map_sized:1350,-5.32,1700.538,map_sized:1400,+11.80,1208.704,map_sized:1400,-7.42
0.00,0.10,1.60,1217.748,map_sized:1550,1373.358,map_sized:1550,1448.636,map_sized:1450,+5.48,1045.114,map_sized:1500,-14.18,1186.892,map_sized:1450,-2.53,1194.872,map_sized:1450,-1.88,1624.994,map_sized:1500,+18.32,1182.902,map_sized:1450,-2.86
0.00,0.10,1.65,1185.562,map_sized:1600,1332.394,map_sized:1600,1448.104,map_sized:1500,+8.68,1045.114,map_sized:1500,-11.85,1164.548,map_sized:1500,-1.77,1168.538,map_sized:1500,-1.44,1624.994,map_sized:1500,+21.96,1155.770,map_sized:1500,-2.51
0.00,0.10,1.70,1185.562,map_sized:1600,1332.394,map_sized:1600,1436.666,map_sized:1550,+7.83,1019.312,map_sized:1600,-14.02,1142.204,map_sized:1550,-3.66,1131.032,map_sized:1600,-4.60,1611.162,map_sized:1550,+20.92,1133.160,map_sized:1550,-4.42
0.00,0.10,1.75,1184.232,map_sized:1650,1290.898,map_sized:1700,1416.184,nf_sized:1650,+9.71,1019.312,map_sized:1600,-13.93,1135.288,map_sized:1600,-4.13,1119.062,map_sized:1650,-5.50,1596.000,map_sized:1650,+23.63,1125.978,map_sized:1600,-4.92
0.00,0.10,1.80,1079.162,map_sized:1750,1279.992,map_sized:1750,1412.460,nf_sized:1700,+10.35,1019.312,map_sized:1600,-5.55,1121.456,map_sized:1650,+3.92,1107.092,map_sized:1700,+2.59,1596.000,map_sized:1650,+24.69,1107.890,map_sized:1650,+2.66
0.00,0.10,1.85,1063.734,map_sized:1800,1268.288,map_sized:1800,1412.194,nf_sized:1750,+11.35,1019.312,map_sized:1600,-4.18,1114.806,map_sized:1700,+4.80,1103.634,map_sized:1750,+3.75,1580.040,map_sized:1750,+24.58,1107.890,map_sized:1650,+4.15
0.00,0.10,1.90,1063.734,map_sized:1800,1237.166,map_sized:1850,1412.194,nf_sized:1750,+14.15,1019.312,map_sized:1600,-4.18,1114.274,map_sized:1750,+4.75,1095.122,map_sized:1800,+2.95,1574.720,nf_sized:1800,+27.28,1095.654,map_sized:1800,+3.00
0.00,0.10,1.95,1054.158,map_sized:1900,1224.930,map_sized:1900,1412.194,nf_sized:1750,+15.29,1019.312,map_sized:1600,-3.31,1099.644,map_sized:1850,+4.31,1095.122,map_sized:1800,+3.89,1573.656,nf_sized:1850,+28.47,1095.654,map_sized:1800,+3.94
0.00,0.10,2.00,1044.050,map_sized:1950,1221.206,map_sized:1950,1412.194,nf_sized:1750,+15.64,1019.312,map_sized:1600,-2.37,1099.644,map_sized:1850,+5.32,1095.122,map_sized:1800,+4.89,1573.656,nf_sized:1850,+28.86,1095.654,map_sized:1800,+4.94
0.00,0.10,2.05,1035.804,map_sized:2050,1218.546,map_sized:2000,1412.194,nf_sized:1750,+15.89,1019.312,map_sized:1600,-1.59,1099.644,map_sized:1850,+6.16,1095.122,map_sized:1800,+5.73,1573.656,nf_sized:1850,+29.14,1095.654,map_sized:1800,+5.78
0.00,0.10,2.10,1033.942,map_sized:2100,1207.108,map_sized:2050,1386.658,default:,+14.87,1019.312,default:,-1.41,1099.644,map_sized:1850,+6.35,1095.122,map_sized:1800,+5.92,1573.656,nf_sized:1850,+30.37,1095.654,map_sized:1800,+5.97
0.00,0.10,2.15,1029.952,map_sized:2150,1205.778,map_sized:2100,1386.658,default:,+15.00,1019.312,default:,-1.03,1093.792,default:,+6.20,1095.122,map_sized:1800,+6.33,1573.656,nf_sized:1850,+30.51,1095.654,map_sized:1800,+6.38
0.00,0.10,2.20,1028.888,map_sized:2300,1200.192,map_sized:2250,1386.658,default:,+15.54,1019.312,default:,-0.93,1093.792,default:,+6.31,1088.738,default:,+5.82,1545.726,default:,+28.79,1089.802,default:,+5.92
0.00,0.10,2.25,1028.888,map_sized:2300,1200.192,map_sized:2250,1386.658,default:,+15.54,1019.312,default:,-0.93,1093.792,default:,+6.31,1088.738,default:,+5.82,1545.726,default:,+28.79,1089.802,default:,+5.92
0.00,0.10,2.30,1028.888,map_sized:2300,1200.192,map_sized:2250,1386.658,default:,+15.54,1019.312,default:,-0.93,1093.792,default:,+6.31,1088.738,default:,+5.82,1545.726,default:,+28.79,1089.802,default:,+5.92
0.00,0.10,2.35,1028.888,map_sized:2300,1200.192,map_sized:2250,1386.658,default:,+15.54,1019.312,default:,-0.93,1093.792,default:,+6.31,1088.738,default:,+5.82,1545.726,default:,+28.79,1089.802,default:,+5.92
0.00,0.10,2.40,1028.888,map_sized:2300,1200.192,map_sized:2250,1386.658,default:,+15.54,1019.312,default:,-0.93,1093.792,default:,+6.31,1088.738,default:,+5.82,1545.726,default:,+28.79,1089.802,default:,+5.92
0.00,0.10,2.45,1028.888,map_sized:2300,1200.192,map_sized:2250,1386.658,default:,+15.54,1019.312,default:,-0.93,1093.792,default:,+6.31,1088.738,default:,+5.82,1545.726,default:,+28.79,1089.802,default:,+5.92
0.00,0.10,2.50,1028.888,map_sized:2300,1200.192,map_sized:2250,1386.658,default:,+15.54,1019.312,default:,-0.93,1093.792,default:,+6.31,1088.738,default:,+5.82,1545.726,default:,+28.79,1089.802,default:,+5.92
0.00,0.10,2.55,1028.888,map_sized:2300,1200.192,map_sized:2250,1386.658,default:,+15.54,1019.312,default:,-0.93,1093.792,default:,+6.31,1088.738,default:,+5.82,1545.726,default:,+28.79,1089.802,default:,+5.92
0.00,0.10,2.60,1028.888,map_sized:2300,1200.192,map_sized:2250,1386.658,default:,+15.54,1019.312,default:,-0.93,1093.792,default:,+6.31,1088.738,default:,+5.82,1545.726,default:,+28.79,1089.802,default:,+5.92
0.10,0.10,1.30,,,,,1776.880,map_sized:900,,1397.830,map_sized:900,,,,,,,,,,,,,
0.10,0.10,1.35,,,,,1671.810,map_sized:1200,,1246.476,map_sized:1200,,1403.150,map_sized:900,,,,,,,,1491.728,map_sized:900,
0.10,0.10,1.40,,,,,1558.760,map_sized:1250,,1156.036,map_sized:1250,,1353.940,map_sized:1250,,1379.210,map_sized:1250,,1831.144,map_sized:1200,,1324.680,map_sized:1250,
0.10,0.10,1.45,,,,,1539.342,map_sized:1300,,1129.968,map_sized:1300,,1325.744,map_sized:1300,,1286.908,map_sized:1300,,1804.012,map_sized:1300,,1297.814,map_sized:1300,
0.10,0.10,1.50,,,,,1486.142,map_sized:1350,,1081.822,map_sized:1400,,1255.254,map_sized:1350,,1236.102,map_sized:1350,,1732.724,map_sized:1350,,1248.072,map_sized:1350,
0.10,0.10,1.55,,,,,1466.990,map_sized:1400,,1081.822,map_sized:1400,,1202.054,map_sized:1400,,1236.102,map_sized:1350,,1700.538,map_sized:1400,,1208.704,map_sized:1400,
0.10,0.10,1.60,,,1563.016,map_sized:900,1448.636,map_sized:1450,-7.32,1065.330,map_sized:1450,,1186.892,map_sized:1450,,1194.872,map_sized:1450,,1624.994,map_sized:1500,+3.97,1182.902,map_sized:1450,
0.10,0.10,1.65,1305.528,map_sized:1450,1520.988,map_sized:1450,1448.104,map_sized:1500,-4.79,1045.114,map_sized:1500,-19.95,1164.548,map_sized:1500,-10.80,1168.538,map_sized:1500,-10.49,1624.994,map_sized:1500,+6.84,1155.770,map_sized:1500,-11.47
0.10,0.10,1.70,1217.748,map_sized:1550,1373.358,map_sized:1550,1436.666,map_sized:1550,+4.61,1019.312,map_sized:1600,-16.30,1142.204,map_sized:1550,-6.20,1131.032,map_sized:1600,-7.12,1611.162,map_sized:1550,+17.32,1133.160,map_sized:1550,-6.95
0.10,0.10,1.75,1185.562,map_sized:1600,1332.394,map_sized:1600,1416.184,nf_sized:1650,+6.29,1019.312,map_sized:1600,-14.02,1135.288,map_sized:1600,-4.24,1119.062,map_sized:1650,-5.61,1596.000,map_sized:1650,+19.78,1125.978,map_sized:1600,-5.03
0.10,0.10,1.80,1185.562,map_sized:1600,1332.394,map_sized:1600,1412.460,nf_sized:1700,+6.01,1019.312,map_sized:1600,-14.02,1121.456,map_sized:1650,-5.41,1107.092,map_sized:1700,-6.62,1596.000,map_sized:1650,+19.78,1107.890,map_sized:1650,-6.55
0.10,0.10,1.85,1184.232,map_sized:1650,1290.898,map_sized:1700,1412.194,nf_sized:1750,+9.40,1019.312,map_sized:1600,-13.93,1114.806,map_sized:1700,-5.86,1103.634,map_sized:1750,-6.81,1580.040,map_sized:1750,+22.40,1107.890,map_sized:1650,-6.45
0.10,0.10,1.90,1079.162,map_sized:1750,1279.992,map_sized:1750,1412.194,nf_sized:1750,+10.33,1019.312,map_sized:1600,-5.55,1114.274,map_sized:1750,+3.25,1095.122,map_sized:1800,+1.48,1574.720,nf_sized:1800,+23.03,1095.654,map_sized:1800,+1.53
0.10,0.10,1.95,1063.734,map_sized:1800,1268.288,map_sized:1800,1412.194,nf_sized:1750,+11.35,1019.312,map_sized:1600,-4.18,1099.644,map_sized:1850,+3.38,1095.122,map_sized:1800,+2.95,1573.656,nf_sized:1850,+24.08,1095.654,map_sized:1800,+3.00
0.10,0.10,2.00,1063.734,map_sized:1800,1237.166,map_sized:1850,1412.194,nf_sized:1750,+14.15,1019.312,map_sized:1600,-4.18,1099.644,map_sized:1850,+3.38,1095.122,map_sized:1800,+2.95,1573.656,nf_sized:1850,+27.20,1095.654,map_sized:1800,+3.00
0.10,0.10,2.05,1054.158,map_sized:1900,1224.930,map_sized:1900,1412.194,nf_sized:1750,+15.29,1019.312,map_sized:1600,-3.31,1099.644,map_sized:1850,+4.31,1095.122,map_sized:1800,+3.89,1573.656,nf_sized:1850,+28.47,1095.654,map_sized:1800,+3.94
0.10,0.10,2.10,1044.050,map_sized:1950,1221.206,map_sized:1950,1386.658,default:,+13.55,1019.312,default:,-2.37,1099.644,map_sized:1850,+5.32,1095.122,map_sized:1800,+4.89,1573.656,nf_sized:1850,+28.86,1095.654,map_sized:1800,+4.94
0.10,0.10,2.15,1035.804,map_sized:2050,1218.546,map_sized:2000,1386.658,default:,+13.80,1019.312,default:,-1.59,1093.792,default:,+5.60,1095.122,map_sized:1800,+5.73,1573.656,nf_sized:1850,+29.14,1095.654,map_sized:1800,+5.78
0.10,0.10,2.20,1033.942,map_sized:2100,1207.108,map_sized:2050,1386.658,default:,+14.87,1019.312,default:,-1.41,1093.792,default:,+5.79,1088.738,default:,+5.30,1545.726,default:,+28.05,1089.802,default:,+5.40
0.10,0.10,2.25,1029.952,map_sized:2150,1205.778,map_sized:2100,1386.658,default:,+15.00,1019.312,default:,-1.03,1093.792,default:,+6.20,1088.738,default:,+5.71,1545.726,default:,+28.19,1089.802,default:,+5.81
0.10,0.10,2.30,1028.888,map_sized:2300,1200.192,map_sized:2250,1386.658,default:,+15.54,1019.312,default:,-0.93,1093.792,default:,+6.31,1088.738,default:,+5.82,1545.726,default:,+28.79,1089.802,default:,+5.92
0.10,0.10,2.35,1028.888,map_sized:2300,1200.192,map_sized:2250,1386.658,default:,+15.54,1019.312,default:,-0.93,1093.792,default:,+6.31,1088.738,default:,+5.82,1545.726,default:,+28.79,1089.802,default:,+5.92
0.10,0.10,2.40,1028.888,map_sized:2300,1200.192,map_sized:2250,1386.658,default:,+15.54,1019.312,default:,-0.93,1093.792,default:,+6.31,1088.738,default:,+5.82,1545.726,default:,+28.79,1089.802,default:,+5.92
0.10,0.10,2.45,1028.888,map_sized:2300,1200.192,map_sized:2250,1386.658,default:,+15.54,1019.312,default:,-0.93,1093.792,default:,+6.31,1088.738,default:,+5.82,1545.726,default:,+28.79,1089.802,default:,+5.92
0.10,0.10,2.50,1028.888,map_sized:2300,1200.192,map_sized:2250,1386.658,default:,+15.54,1019.312,default:,-0.93,1093.792,default:,+6.31,1088.738,default:,+5.82,1545.726,default:,+28.79,1089.802,default:,+5.92
0.10,0.10,2.55,1028.888,map_sized:2300,1200.192,map_sized:2250,1386.658,default:,+15.54,1019.312,default:,-0.93,1093.792,default:,+6.31,1088.738,default:,+5.82,1545.726,default:,+28.79,1089.802,default:,+5.92
0.10,0.10,2.60,1028.888,map_sized:2300,1200.192,map_sized:2250,1386.658,default:,+15.54,1019.312,default:,-0.93,1093.792,default:,+6.31,1088.738,default:,+5.82,1545.726,default:,+28.79,1089.802,default:,+5.92
0.20,0.10,1.30,,,,,,,,,,,,,,,,,,,,,,
0.20,0.10,1.35,,,,,,,,,,,,,,,,,,,,,,
0.20,0.10,1.40,,,,,1776.880,map_sized:900,,1397.830,map_sized:900,,,,,,,,,,,,,
0.20,0.10,1.45,,,,,1671.810,map_sized:1200,,1246.476,map_sized:1200,,1403.150,map_sized:900,,1467.256,map_sized:900,,1850.828,map_sized:1250,,1491.728,map_sized:900,
0.20,0.10,1.50,,,,,1558.760,map_sized:1250,,1156.036,map_sized:1250,,1353.940,map_sized:1250,,1379.210,map_sized:1250,,1804.012,map_sized:1300,,1324.680,map_sized:1250,
0.20,0.10,1.55,,,,,1539.342,map_sized:1300,,1129.968,map_sized:1300,,1325.744,map_sized:1300,,1286.908,map_sized:1300,,1732.724,map_sized:1350,,1297.814,map_sized:1300,
0.20,0.10,1.60,,,,,1486.142,map_sized:1350,,1081.822,map_sized:1400,,1255.254,map_sized:1350,,1236.102,map_sized:1350,,1732.724,map_sized:1350,,1248.072,map_sized:1350,
0.20,0.10,1.65,,,,,1466.990,map_sized:1400,,1081.822,map_sized:1400,,1186.892,map_sized:1450,,1236.102,map_sized:1350,,1658.510,map_sized:1450,,1208.704,map_sized:1400,
0.20,0.10,1.70,,,1563.016,map_sized:900,1448.636,map_sized:1450,-7.32,1065.330,map_sized:1450,,1164.548,map_sized:1500,,1194.872,map_sized:1450,,1624.994,map_sized:1500,+3.97,1182.902,map_sized:1450,
0.20,0.10,1.75,1305.528,map_sized:1450,1520.988,map_sized:1450,1448.104,map_sized:1500,-4.79,1045.114,map_sized:1500,-19.95,1142.204,map_sized:1550,-12.51,1148.854,map_sized:1550,-12.00,1611.162,map_sized:1550,+5.93,1133.160,map_sized:1550,-13.20
0.20,0.10,1.80,1217.748,map_sized:1550,1373.358,map_sized:1550,1427.356,nf_sized:1600,+3.93,1019.312,map_sized:1600,-16.30,1142.204,map_sized:1550,-6.20,1131.032,map_sized:1600,-7.12,1611.162,map_sized:1550,+17.32,1125.978,map_sized:1600,-7.54
0.20,0.10,1.85,1185.562,map_sized:1600,1332.394,map_sized:1600,1412.194,nf_sized:1750,+5.99,1019.312,map_sized:1600,-14.02,1121.456,map_sized:1650,-5.41,1119.062,map_sized:1650,-5.61,1596.000,map_sized:1650,+19.78,1125.978,map_sized:1600,-5.03
0.20,0.10,1.90,1185.562,map_sized:1600,1332.394,map_sized:1600,1412.194,nf_sized:1750,+5.99,1019.312,map_sized:1600,-14.02,1114.806,map_sized:1700,-5.97,1107.092,map_sized:1700,-6.62,1574.720,nf_sized:1800,+18.19,1107.890,map_sized:1650,-6.55
0.20,0.10,1.95,1184.232,map_sized:1650,1290.898,map_sized:1700,1412.194,nf_sized:1750,+9.40,1019.312,map_sized:1600,-13.93,1114.806,map_sized:1700,-5.86,1103.634,map_sized:1750,-6.81,1573.656,nf_sized:1850,+21.90,1095.654,map_sized:1800,-7.48
0.20,0.10,2.00,1079.162,map_sized:1750,1279.992,map_sized:1750,1412.194,nf_sized:1750,+10.33,1019.312,map_sized:1600,-5.55,1099.644,map_sized:1850,+1.90,1095.122,map_sized:1800,+1.48,1573.656,nf_sized:1850,+22.94,1095.654,map_sized:1800,+1.53
0.20,0.10,2.05,1063.734,map_sized:1800,1268.288,map_sized:1800,1412.194,nf_sized:1750,+11.35,1019.312,map_sized:1600,-4.18,1099.644,map_sized:1850,+3.38,1095.122,map_sized:1800,+2.95,1573.656,nf_sized:1850,+24.08,1095.654,map_sized:1800,+3.00
0.20,0.10,2.10,1063.734,map_sized:1800,1237.166,map_sized:1850,1386.658,default:,+12.08,1019.312,map_sized:1600,-4.18,1099.644,map_sized:1850,+3.38,1095.122,map_sized:1800,+2.95,1573.656,nf_sized:1850,+27.20,1095.654,map_sized:1800,+3.00
0.20,0.10,2.15,1054.158,map_sized:1900,1224.930,map_sized:1900,1386.658,default:,+13.20,1019.312,default:,-3.31,1099.644,map_sized:1850,+4.31,1095.122,map_sized:1800,+3.89,1573.656,nf_sized:1850,+28.47,1095.654,map_sized:1800,+3.94
0.20,0.10,2.20,1044.050,map_sized:1950,1221.206,map_sized:1950,1386.658,default:,+13.55,1019.312,default:,-2.37,1093.792,default:,+4.76,1095.122,map_sized:1800,+4.89,1573.656,nf_sized:1850,+28.86,1095.654,map_sized:1800,+4.94
0.20,0.10,2.25,1035.804,map_sized:2050,1218.546,map_sized:2000,1386.658,default:,+13.80,1019.312,default:,-1.59,1093.792,default:,+5.60,1088.738,default:,+5.11,1545.726,default:,+26.85,1089.802,default:,+5.21
0.20,0.10,2.30,1033.942,map_sized:2100,1207.108,map_sized:2050,1386.658,default:,+14.87,1019.312,default:,-1.41,1093.792,default:,+5.79,1088.738,default:,+5.30,1545.726,default:,+28.05,1089.802,default:,+5.40
0.20,0.10,2.35,1029.952,map_sized:2150,1205.778,map_sized:2100,1386.658,default:,+15.00,1019.312,default:,-1.03,1093.792,default:,+6.20,1088.738,default:,+5.71,1545.726,default:,+28.19,1089.802,default:,+5.81
0.20,0.10,2.40,1028.888,map_sized:2300,1200.192,map_sized:2250,1386.658,default:,+15.54,1019.312,default:,-0.93,1093.792,default:,+6.31,1088.738,default:,+5.82,1545.726,default:,+28.79,1089.802,default:,+5.92
0.20,0.10,2.45,1028.888,map_sized:2300,1200.192,map_sized:2250,1386.658,default:,+15.54,1019.312,default:,-0.93,1093.792,default:,+6.31,1088.738,default:,+5.82,1545.726,default:,+28.79,1089.802,default:,+5.92
0.20,0.10,2.50,1028.888,map_sized:2300,1200.192,map_sized:2250,1386.658,default:,+15.54,1019.312,default:,-0.93,1093.792,default:,+6.31,1088.738,default:,+5.82,1545.726,default:,+28.79,1089.802,default:,+5.92
0.20,0.10,2.55,1028.888,map_sized:2300,1200.192,map_sized:2250,1386.658,default:,+15.54,1019.312,default:,-0.93,1093.792,default:,+6.31,1088.738,default:,+5.82,1545.726,default:,+28.79,1089.802,default:,+5.92
0.20,0.10,2.60,1028.888,map_sized:2300,1200.192,map_sized:2250,1386.658,default:,+15.54,1019.312,default:,-0.93,1093.792,default:,+6.31,1088.738,default:,+5.82,1545.726,default:,+28.79,1089.802,default:,+5.92
0.30,0.10,1.30,,,,,,,,,,,,,,,,,,,,,,
0.30,0.10,1.35,,,,,,,,,,,,,,,,,,,,,,
0.30,0.10,1.40,,,,,,,,,,,,,,,,,,,,,,
0.30,0.10,1.45,,,,,,,,,,,,,,,,,,,,,,
0.30,0.10,1.50,,,,,1776.880,map_sized:900,,1397.830,map_sized:900,,,,,,,,,,,,,
0.30,0.10,1.55,,,,,1671.810,map_sized:1200,,1246.476,map_sized:1200,,1403.150,map_sized:900,,1467.256,map_sized:900,,1850.828,map_sized:1250,,1491.728,map_sized:900,
0.30,0.10,1.60,,,,,1558.760,map_sized:1250,,1156.036,map_sized:1250,,1353.940,map_sized:1250,,1379.210,map_sized:1250,,1804.012,map_sized:1300,,1324.680,map_sized:1250,
0.30,0.10,1.65,,,,,1539.342,map_sized:1300,,1129.968,map_sized:1300,,1325.744,map_sized:1300,,1286.908,map_sized:1300,,1732.724,map_sized:1350,,1297.814,map_sized:1300,
0.30,0.10,1.70,,,,,1486.142,map_sized:1350,,1081.822,map_sized:1400,,1255.254,map_sized:1350,,1236.102,map_sized:1350,,1732.724,map_sized:1350,,1248.072,map_sized:1350,
0.30,0.10,1.75,,,,,1466.990,map_sized:1400,,1081.822,map_sized:1400,,1186.892,map_sized:1450,,1236.102,map_sized:1350,,1658.510,map_sized:1450,,1208.704,map_sized:1400,
0.30,0.10,1.80,,,1563.016,map_sized:900,1448.636,map_sized:1450,-7.32,1065.330,map_sized:1450,,1164.548,map_sized:1500,,1194.872,map_sized:1450,,1624.994,map_sized:1500,+3.97,1182.902,map_sized:1450,
0.30,0.10,1.85,1305.528,map_sized:1450,1520.988,map_sized:1450,1448.104,map_sized:1500,-4.79,1045.114,map_sized:1500,-19.95,1142.204,map_sized:1550,-12.51,1148.854,map_sized:1550,-12.00,1611.162,map_sized:1550,+5.93,1133.160,map_sized:1550,-13.20
0.30,0.10,1.90,1217.748,map_sized:1550,1373.358,map_sized:1550,1427.356,nf_sized:1600,+3.93,1019.312,map_sized:1600,-16.30,1142.204,map_sized:1550,-6.20,1131.032,map_sized:1600,-7.12,1611.162,map_sized:1550,+17.32,1125.978,map_sized:1600,-7.54
0.30,0.10,1.95,1185.562,map_sized:1600,1332.394,map_sized:1600,1412.194,nf_sized:1750,+5.99,1019.312,map_sized:1600,-14.02,1121.456,map_sized:1650,-5.41,1119.062,map_sized:1650,-5.61,1596.000,map_sized:1650,+19.78,1125.978,map_sized:1600,-5.03
0.30,0.10,2.00,1185.562,map_sized:1600,1332.394,map_sized:1600,1412.194,nf_sized:1750,+5.99,1019.312,map_sized:1600,-14.02,1114.806,map_sized:1700,-5.97,1107.092,map_sized:1700,-6.62,1574.720,nf_sized:1800,+18.19,1107.890,map_sized:1650,-6.55
0.30,0.10,2.05,1184.232,map_sized:1650,1290.898,map_sized:1700,1412.194,nf_sized:1750,+9.40,1019.312,map_sized:1600,-13.93,1114.806,map_sized:1700,-5.86,1103.634,map_sized:1750,-6.81,1573.656,nf_sized:1850,+21.90,1095.654,map_sized:1800,-7.48
0.30,0.10,2.10,1079.162,map_sized:1750,1279.992,map_sized:1750,1412.194,nf_sized:1750,+10.33,1019.312,map_sized:1600,-5.55,1099.644,map_sized:1850,+1.90,1095.122,map_sized:1800,+1.48,1573.656,nf_sized:1850,+22.94,1095.654,map_sized:1800,+1.53
0.30,0.10,2.15,1063.734,map_sized:1800,1268.288,map_sized:1800,1412.194,nf_sized:1750,+11.35,1019.312,map_sized:1600,-4.18,1099.644,map_sized:1850,+3.38,1095.122,map_sized:1800,+2.95,1573.656,nf_sized:1850,+24.08,1095.654,map_sized:1800,+3.00
0.30,0.10,2.20,1063.734,map_sized:1800,1237.166,map_sized:1850,1386.658,default:,+12.08,1019.312,map_sized:1600,-4.18,1099.644,map_sized:1850,+3.38,1095.122,map_sized:1800,+2.95,1573.656,nf_sized:1850,+27.20,1095.654,map_sized:1800,+3.00
0.30,0.10,2.25,1054.158,map_sized:1900,1224.930,map_sized:1900,1386.658,default:,+13.20,1019.312,default:,-3.31,1099.644,map_sized:1850,+4.31,1095.122,map_sized:1800,+3.89,1573.656,nf_sized:1850,+28.47,1095.654,map_sized:1800,+3.94
0.30,0.10,2.30,1044.050,map_sized:1950,1221.206,map_sized:1950,1386.658,default:,+13.55,1019.312,default:,-2.37,1093.792,default:,+4.76,1095.122,map_sized:1800,+4.89,1573.656,nf_sized:1850,+28.86,1095.654,map_sized:1800,+4.94
0.30,0.10,2.35,1035.804,map_sized:2050,1218.546,map_sized:2000,1386.658,default:,+13.80,1019.312,default:,-1.59,1093.792,default:,+5.60,1088.738,default:,+5.11,1545.726,default:,+26.85,1089.802,default:,+5.21
0.30,0.10,2.40,1033.942,map_sized:2100,1207.108,map_sized:2050,1386.658,default:,+14.87,1019.312,default:,-1.41,1093.792,default:,+5.79,1088.738,default:,+5.30,1545.726,default:,+28.05,1089.802,default:,+5.40
0.30,0.10,2.45,1029.952,map_sized:2150,1205.778,map_sized:2100,1386.658,default:,+15.00,1019.312,default:,-1.03,1093.792,default:,+6.20,1088.738,default:,+5.71,1545.726,default:,+28.19,1089.802,default:,+5.81
0.30,0.10,2.50,1028.888,map_sized:2300,1200.192,map_sized:2250,1386.658,default:,+15.54,1019.312,default:,-0.93,1093.792,default:,+6.31,1088.738,default:,+5.82,1545.726,default:,+28.79,1089.802,default:,+5.92
0.30,0.10,2.55,1028.888,map_sized:2300,1200.192,map_sized:2250,1386.658,default:,+15.54,1019.312,default:,-0.93,1093.792,default:,+6.31,1088.738,default:,+5.82,1545.726,default:,+28.79,1089.802,default:,+5.92
0.30,0.10,2.60,1028.888,map_sized:2300,1200.192,map_sized:2250,1386.658,default:,+15.54,1019.312,default:,-0.93,1093.792,default:,+6.31,1088.738,default:,+5.82,1545.726,default:,+28.79,1089.802,default:,+5.92
