netlist_set,engine,recipe,abc_delay_target_ps,clock_period_ns,area,meets_period,slack_ns,workload,weight_source,zero_density,annotated_pins,p_internal_mw,p_switching_mw,p_leakage_mw,p_total_mw,p_sequential_mw,energy_per_cycle_pj,energy_per_position_fj,dynamic_energy_per_position_fj,energy_per_nonzero_weight_fj
default,tace_stream5,default,,2.50,1121.190,yes,0.0411,bitnet,bitnet,0.4387,3096,0.30431,0.21813,0.02498,0.54743,0.09979,1.36857,273.713,261.221,487.603
default,tace_stream5_fed,default,,2.50,1285.312,yes,0.0967,bitnet,bitnet,0.4387,3466,0.34240,0.22163,0.02830,0.59233,0.13548,1.48082,296.163,282.013,527.597
default,bitcos_stream5_bank_fed,default,,2.50,1386.658,yes,0.4400,bitnet,bitnet,0.4387,3226,0.39051,0.18529,0.02878,0.60458,0.20785,1.51145,302.290,287.898,538.510
default,bitcos_stream5_direct,default,,2.50,1093.792,yes,0.3688,bitnet,bitnet,0.4387,2805,0.33914,0.21363,0.02360,0.57636,0.14560,1.44091,288.181,276.382,513.377
default,bitcos_stream5_directiso,default,,2.50,1088.738,yes,0.3273,bitnet,bitnet,0.4387,2739,0.33268,0.20907,0.02345,0.56520,0.14590,1.41300,282.599,270.874,503.433
default,bitcos_stream5_fed,default,,2.50,1545.726,yes,0.3174,bitnet,bitnet,0.4387,3623,0.45848,0.24311,0.03198,0.73358,0.25612,1.83394,366.788,350.797,653.410
default,tace_stream5,default,,2.50,1121.190,yes,0.0411,z0.20,synthetic,0.1991,3096,0.32859,0.24377,0.02505,0.59741,0.10080,1.49352,298.703,286.179,372.969
default,tace_stream5_fed,default,,2.50,1285.312,yes,0.0967,z0.20,synthetic,0.1991,3466,0.36693,0.24766,0.02837,0.64296,0.13644,1.60740,321.481,307.297,401.410
default,bitcos_stream5_bank_fed,default,,2.50,1386.658,yes,0.4400,z0.20,synthetic,0.1991,3226,0.41266,0.20294,0.02892,0.64452,0.21210,1.61130,322.260,307.800,402.382
default,bitcos_stream5_direct,default,,2.50,1093.792,yes,0.3688,z0.20,synthetic,0.1991,2805,0.35238,0.22410,0.02372,0.60020,0.14707,1.50049,300.098,288.240,374.711
default,bitcos_stream5_directiso,default,,2.50,1088.738,yes,0.3273,z0.20,synthetic,0.1991,2739,0.34740,0.22114,0.02370,0.59225,0.14743,1.48062,296.125,284.274,369.750
default,bitcos_stream5_fed,default,,2.50,1545.726,yes,0.3174,z0.20,synthetic,0.1991,3623,0.47629,0.25688,0.03219,0.76535,0.26141,1.91339,382.677,366.583,477.821
default,tace_stream5,default,,2.50,1121.190,yes,0.0411,z0.30,synthetic,0.2995,3096,0.32399,0.23854,0.02505,0.58757,0.10057,1.46893,293.786,281.263,419.412
default,tace_stream5_fed,default,,2.50,1285.312,yes,0.0967,z0.30,synthetic,0.2995,3466,0.36198,0.24212,0.02836,0.63246,0.13621,1.58115,316.230,302.049,451.452
default,bitcos_stream5_bank_fed,default,,2.50,1386.658,yes,0.4400,z0.30,synthetic,0.2995,3226,0.40856,0.20026,0.02884,0.63766,0.21045,1.59414,318.829,304.410,455.163
default,bitcos_stream5_direct,default,,2.50,1093.792,yes,0.3688,z0.30,synthetic,0.2995,2805,0.35321,0.22512,0.02366,0.60199,0.14682,1.50498,300.997,289.165,429.705
default,bitcos_stream5_directiso,default,,2.50,1088.738,yes,0.3273,z0.30,synthetic,0.2995,2739,0.34729,0.22166,0.02359,0.59255,0.14718,1.48137,296.274,284.477,422.963
default,bitcos_stream5_fed,default,,2.50,1545.726,yes,0.3174,z0.30,synthetic,0.2995,3623,0.47582,0.25730,0.03211,0.76522,0.25970,1.91306,382.612,366.559,546.220
default,tace_stream5,default,,2.50,1121.190,yes,0.0411,z0.4221,synthetic,0.4225,3096,0.31946,0.22811,0.02499,0.57256,0.10440,1.43140,286.280,273.783,495.745
default,tace_stream5_fed,default,,2.50,1285.312,yes,0.0967,z0.4221,synthetic,0.4225,3466,0.35716,0.23139,0.02831,0.61686,0.14002,1.54214,308.428,294.274,534.099
default,bitcos_stream5_bank_fed,default,,2.50,1386.658,yes,0.4400,z0.4221,synthetic,0.4225,3226,0.40536,0.19357,0.02871,0.62763,0.21316,1.56908,313.816,299.463,543.429
default,bitcos_stream5_direct,default,,2.50,1093.792,yes,0.3688,z0.4221,synthetic,0.4225,2805,0.35407,0.22230,0.02355,0.59992,0.15093,1.49980,299.960,288.186,519.435
default,bitcos_stream5_directiso,default,,2.50,1088.738,yes,0.3273,z0.4221,synthetic,0.4225,2739,0.34747,0.21790,0.02344,0.58881,0.15124,1.47203,294.406,282.685,509.816
default,bitcos_stream5_fed,default,,2.50,1545.726,yes,0.3174,z0.4221,synthetic,0.4225,3623,0.47484,0.25262,0.03194,0.75939,0.26220,1.89849,379.697,363.726,657.514
default,tace_stream5,default,,2.50,1121.190,yes,0.0411,z0.50,synthetic,0.5004,3096,0.30884,0.21792,0.02494,0.55169,0.10265,1.37924,275.847,263.379,552.162
default,tace_stream5_fed,default,,2.50,1285.312,yes,0.0967,z0.50,synthetic,0.5004,3466,0.34655,0.22111,0.02825,0.59591,0.13829,1.48978,297.955,283.828,596.415
default,bitcos_stream5_bank_fed,default,,2.50,1386.658,yes,0.4400,z0.50,synthetic,0.5004,3226,0.39614,0.18684,0.02863,0.61161,0.21051,1.52904,305.807,291.491,612.133
default,bitcos_stream5_direct,default,,2.50,1093.792,yes,0.3688,z0.50,synthetic,0.5004,2805,0.34669,0.21737,0.02346,0.58752,0.14908,1.46879,293.759,282.029,588.015
default,bitcos_stream5_directiso,default,,2.50,1088.738,yes,0.3273,z0.50,synthetic,0.5004,2739,0.33960,0.21204,0.02333,0.57498,0.14935,1.43744,287.488,275.820,575.462
default,bitcos_stream5_fed,default,,2.50,1545.726,yes,0.3174,z0.50,synthetic,0.5004,3623,0.46590,0.24591,0.03181,0.74363,0.25949,1.85907,371.813,355.907,744.256
default,tace_stream5,default,,2.50,1121.190,yes,0.0411,z0.60,synthetic,0.6006,3096,0.28971,0.20059,0.02488,0.51518,0.09832,1.28796,257.592,245.150,644.897
default,tace_stream5_fed,default,,2.50,1285.312,yes,0.0967,z0.60,synthetic,0.6006,3466,0.32755,0.20380,0.02819,0.55953,0.13399,1.39883,279.766,265.672,700.412
default,bitcos_stream5_bank_fed,default,,2.50,1386.658,yes,0.4400,z0.60,synthetic,0.6006,3226,0.37863,0.17473,0.02856,0.58192,0.20448,1.45479,290.959,276.679,728.434
default,bitcos_stream5_direct,default,,2.50,1093.792,yes,0.3688,z0.60,synthetic,0.6006,2805,0.33030,0.20633,0.02340,0.56002,0.14427,1.40005,280.010,268.311,701.023
default,bitcos_stream5_directiso,default,,2.50,1088.738,yes,0.3273,z0.60,synthetic,0.6006,2739,0.32299,0.19981,0.02323,0.54603,0.14447,1.36507,273.014,261.400,683.507
default,bitcos_stream5_fed,default,,2.50,1545.726,yes,0.3174,z0.60,synthetic,0.6006,3623,0.44729,0.23248,0.03170,0.71147,0.25337,1.77869,355.737,339.887,890.612
default,tace_stream5,default,,2.50,1121.190,yes,0.0411,z0.70,synthetic,0.6993,3096,0.26502,0.17797,0.02477,0.46776,0.09353,1.16940,233.879,221.496,777.782
default,tace_stream5_fed,default,,2.50,1285.312,yes,0.0967,z0.70,synthetic,0.6993,3466,0.30314,0.18129,0.02808,0.51251,0.12925,1.28128,256.255,242.215,852.195
default,bitcos_stream5_bank_fed,default,,2.50,1386.658,yes,0.4400,z0.70,synthetic,0.6993,3226,0.35497,0.15727,0.02849,0.54073,0.19748,1.35182,270.364,256.121,899.114
default,bitcos_stream5_direct,default,,2.50,1093.792,yes,0.3688,z0.70,synthetic,0.6993,2805,0.30633,0.18864,0.02332,0.51829,0.13808,1.29573,259.146,247.485,861.810
default,bitcos_stream5_directiso,default,,2.50,1088.738,yes,0.3273,z0.70,synthetic,0.6993,2739,0.29954,0.18140,0.02312,0.50406,0.13818,1.26015,252.030,240.470,838.146
default,bitcos_stream5_fed,default,,2.50,1545.726,yes,0.3174,z0.70,synthetic,0.6993,3623,0.42137,0.21216,0.03155,0.66508,0.24628,1.66271,332.541,316.766,1105.892
frontier,tace_stream5,map_sized,1550,1.60,1217.748,yes,0.0006,bitnet,bitnet,0.4387,3325,0.51726,0.43634,0.02991,0.98351,0.15093,1.57362,314.723,305.153,560.660
frontier,tace_stream5_fed,map_sized,1550,1.60,1373.358,yes,0.0116,bitnet,bitnet,0.4387,3773,0.56252,0.42889,0.03352,1.02492,0.20625,1.63988,327.976,317.250,584.268
frontier,bitcos_stream5_bank_fed,map_sized,1450,1.60,1448.636,yes,0.0329,bitnet,bitnet,0.4387,3774,0.61434,0.38110,0.03271,1.02814,0.30862,1.64503,329.006,318.539,586.104
frontier,bitcos_stream5_direct,map_sized,1450,1.60,1186.892,yes,0.0314,bitnet,bitnet,0.4387,3342,0.54465,0.42496,0.02795,0.99756,0.19464,1.59609,319.219,310.275,568.668
frontier,bitcos_stream5_directiso,map_sized,1450,1.60,1194.872,yes,0.0167,bitnet,bitnet,0.4387,3372,0.54706,0.42293,0.02795,0.99794,0.19629,1.59671,319.342,310.396,568.887
frontier,bitcos_stream5_fed,map_sized,1500,1.60,1624.994,yes,0.0002,bitnet,bitnet,0.4387,4288,0.73528,0.47708,0.03671,1.24908,0.36567,1.99852,399.705,387.956,712.049
frontier,tace_stream5,map_sized,1550,1.60,1217.748,yes,0.0006,z0.20,synthetic,0.1991,3325,0.56156,0.49021,0.02985,1.08163,0.15224,1.73060,346.120,336.568,432.176
frontier,tace_stream5_fed,map_sized,1550,1.60,1373.358,yes,0.0116,z0.20,synthetic,0.1991,3773,0.60476,0.48098,0.03344,1.11919,0.20750,1.79070,358.140,347.440,447.184
frontier,bitcos_stream5_bank_fed,map_sized,1450,1.60,1448.636,yes,0.0329,z0.20,synthetic,0.1991,3774,0.64893,0.41349,0.03277,1.09519,0.31504,1.75230,350.460,339.973,437.595
frontier,bitcos_stream5_direct,map_sized,1450,1.60,1186.892,yes,0.0314,z0.20,synthetic,0.1991,3342,0.57060,0.45018,0.02805,1.04883,0.19621,1.67813,335.625,326.648,419.071
frontier,bitcos_stream5_directiso,map_sized,1450,1.60,1194.872,yes,0.0167,z0.20,synthetic,0.1991,3372,0.57679,0.45257,0.02822,1.05758,0.19839,1.69213,338.427,329.395,422.569
frontier,bitcos_stream5_fed,map_sized,1500,1.60,1624.994,yes,0.0002,z0.20,synthetic,0.1991,4288,0.76963,0.50788,0.03688,1.31440,0.37358,2.10304,420.608,408.805,525.183
frontier,tace_stream5,map_sized,1550,1.60,1217.748,yes,0.0006,z0.30,synthetic,0.2995,3325,0.55248,0.47883,0.02985,1.06117,0.15196,1.69787,339.574,330.021,484.779
frontier,tace_stream5_fed,map_sized,1550,1.60,1373.358,yes,0.0116,z0.30,synthetic,0.2995,3773,0.59582,0.47012,0.03345,1.09939,0.20721,1.75903,351.806,341.102,502.241
frontier,bitcos_stream5_bank_fed,map_sized,1450,1.60,1448.636,yes,0.0329,z0.30,synthetic,0.2995,3774,0.64262,0.40995,0.03276,1.08532,0.31244,1.73652,347.303,336.821,495.813
frontier,bitcos_stream5_direct,map_sized,1450,1.60,1186.892,yes,0.0314,z0.30,synthetic,0.2995,3342,0.56827,0.44999,0.02802,1.04627,0.19598,1.67404,334.808,325.843,477.975
frontier,bitcos_stream5_directiso,map_sized,1450,1.60,1194.872,yes,0.0167,z0.30,synthetic,0.2995,3372,0.57337,0.45076,0.02813,1.05226,0.19800,1.68361,336.722,327.722,480.708
frontier,bitcos_stream5_fed,map_sized,1500,1.60,1624.994,yes,0.0002,z0.30,synthetic,0.2995,4288,0.76425,0.50638,0.03682,1.30745,0.37092,2.09192,418.384,406.602,597.288
frontier,tace_stream5,map_sized,1550,1.60,1217.748,yes,0.0006,z0.4221,synthetic,0.4225,3325,0.54090,0.45719,0.02984,1.02792,0.15803,1.64468,328.936,319.387,569.612
frontier,tace_stream5_fed,map_sized,1550,1.60,1373.358,yes,0.0116,z0.4221,synthetic,0.4225,3773,0.58465,0.44905,0.03344,1.06714,0.21326,1.70743,341.486,330.784,591.345
frontier,bitcos_stream5_bank_fed,map_sized,1450,1.60,1448.636,yes,0.0329,z0.4221,synthetic,0.4225,3774,0.63640,0.39828,0.03271,1.06738,0.31633,1.70781,341.563,331.096,591.477
frontier,bitcos_stream5_direct,map_sized,1450,1.60,1186.892,yes,0.0314,z0.4221,synthetic,0.4225,3342,0.56671,0.44298,0.02796,1.03765,0.20228,1.66024,332.048,323.102,575.001
frontier,bitcos_stream5_directiso,map_sized,1450,1.60,1194.872,yes,0.0167,z0.4221,synthetic,0.4225,3372,0.56932,0.44091,0.02800,1.03823,0.20397,1.66116,332.233,323.274,575.321
frontier,bitcos_stream5_fed,map_sized,1500,1.60,1624.994,yes,0.0002,z0.4221,synthetic,0.4225,4288,0.75881,0.49509,0.03674,1.29064,0.37449,2.06502,413.005,401.248,715.192
frontier,tace_stream5,map_sized,1550,1.60,1217.748,yes,0.0006,z0.50,synthetic,0.5004,3325,0.52106,0.43615,0.02985,0.98706,0.15534,1.57930,315.859,306.307,632.253
frontier,tace_stream5_fed,map_sized,1550,1.60,1373.358,yes,0.0116,z0.50,synthetic,0.5004,3773,0.56583,0.42881,0.03346,1.02810,0.21059,1.64496,328.992,318.286,658.541
frontier,bitcos_stream5_bank_fed,map_sized,1450,1.60,1448.636,yes,0.0329,z0.50,synthetic,0.5004,3774,0.62134,0.38522,0.03266,1.03921,0.31217,1.66274,332.548,322.098,665.658
frontier,bitcos_stream5_direct,map_sized,1450,1.60,1186.892,yes,0.0314,z0.50,synthetic,0.5004,3342,0.55427,0.43236,0.02790,1.01453,0.19952,1.62325,324.650,315.723,649.850
frontier,bitcos_stream5_directiso,map_sized,1450,1.60,1194.872,yes,0.0167,z0.50,synthetic,0.5004,3372,0.55458,0.42780,0.02789,1.01027,0.20096,1.61643,323.285,314.360,647.118
frontier,bitcos_stream5_fed,map_sized,1500,1.60,1624.994,yes,0.0002,z0.50,synthetic,0.5004,4288,0.74374,0.48118,0.03666,1.26158,0.37023,2.01853,403.707,391.974,808.097
frontier,tace_stream5,map_sized,1550,1.60,1217.748,yes,0.0006,z0.60,synthetic,0.6006,3325,0.48550,0.40067,0.02986,0.91602,0.14873,1.46564,293.128,283.572,733.864
frontier,tace_stream5_fed,map_sized,1550,1.60,1373.358,yes,0.0116,z0.60,synthetic,0.6006,3773,0.53165,0.39465,0.03348,0.95978,0.20399,1.53565,307.131,296.416,768.922
frontier,bitcos_stream5_bank_fed,map_sized,1450,1.60,1448.636,yes,0.0329,z0.60,synthetic,0.6006,3774,0.59248,0.36106,0.03260,0.98614,0.30297,1.57782,315.565,305.133,790.037
frontier,bitcos_stream5_direct,map_sized,1450,1.60,1186.892,yes,0.0314,z0.60,synthetic,0.6006,3342,0.52858,0.41027,0.02784,0.96670,0.19249,1.54672,309.343,300.434,774.461
frontier,bitcos_stream5_directiso,map_sized,1450,1.60,1194.872,yes,0.0167,z0.60,synthetic,0.6006,3372,0.52554,0.40226,0.02777,0.95557,0.19363,1.52892,305.784,296.896,765.550
frontier,bitcos_stream5_fed,map_sized,1500,1.60,1624.994,yes,0.0002,z0.60,synthetic,0.6006,4288,0.71448,0.45482,0.03659,1.20589,0.36099,1.92942,385.884,374.177,966.086
frontier,tace_stream5,map_sized,1550,1.60,1217.748,yes,0.0006,z0.70,synthetic,0.6993,3325,0.44083,0.35468,0.02988,0.82539,0.14151,1.32062,264.124,254.562,878.363
frontier,tace_stream5_fed,map_sized,1550,1.60,1373.358,yes,0.0116,z0.70,synthetic,0.6993,3773,0.48861,0.34979,0.03351,0.87191,0.19682,1.39505,279.010,268.286,927.870
frontier,bitcos_stream5_bank_fed,map_sized,1450,1.60,1448.636,yes,0.0329,z0.70,synthetic,0.6993,3774,0.55422,0.32563,0.03254,0.91239,0.29301,1.45983,291.966,281.552,970.956
frontier,bitcos_stream5_direct,map_sized,1450,1.60,1186.892,yes,0.0314,z0.70,synthetic,0.6993,3342,0.49230,0.37551,0.02780,0.89561,0.18410,1.43298,286.596,277.701,953.098
frontier,bitcos_stream5_directiso,map_sized,1450,1.60,1194.872,yes,0.0167,z0.70,synthetic,0.6993,3372,0.48630,0.36478,0.02767,0.87876,0.18499,1.40601,281.203,272.348,935.160
frontier,bitcos_stream5_fed,map_sized,1500,1.60,1624.994,yes,0.0002,z0.70,synthetic,0.6993,4288,0.67495,0.41587,0.03651,1.12734,0.35118,1.80374,360.748,349.064,1199.693
frontier,tace_stream5,map_sized,1950,2.00,1044.050,yes,0.0256,bitnet,bitnet,0.4387,2762,0.34970,0.25896,0.02386,0.63252,0.12164,1.26503,253.007,243.463,450.715
frontier,tace_stream5_fed,map_sized,1950,2.00,1221.206,yes,0.0316,bitnet,bitnet,0.4387,3266,0.39903,0.26657,0.02832,0.69392,0.16609,1.38784,277.569,266.240,494.471
frontier,bitcos_stream5_bank_fed,nf_sized,1750,2.00,1412.194,yes,0.1869,bitnet,bitnet,0.4387,3290,0.48875,0.24649,0.02947,0.76470,0.24972,1.52941,305.882,294.095,544.910
frontier,bitcos_stream5_direct,map_sized,1850,2.00,1099.644,yes,0.0852,bitnet,bitnet,0.4387,3023,0.40067,0.29581,0.02484,0.72132,0.15618,1.44265,288.529,278.592,513.997
frontier,bitcos_stream5_directiso,map_sized,1800,2.00,1095.122,yes,0.1029,bitnet,bitnet,0.4387,2975,0.39946,0.28914,0.02436,0.71296,0.15588,1.42593,285.186,275.440,508.041
frontier,bitcos_stream5_fed,nf_sized,1850,2.00,1573.656,yes,0.0852,bitnet,bitnet,0.4387,3693,0.57592,0.30733,0.03266,0.91592,0.29343,1.83183,366.366,353.303,652.659
frontier,tace_stream5,map_sized,1950,2.00,1044.050,yes,0.0256,z0.20,synthetic,0.1991,2762,0.37528,0.28838,0.02384,0.68750,0.12271,1.37500,275.001,265.464,343.374
frontier,tace_stream5_fed,map_sized,1950,2.00,1221.206,yes,0.0316,z0.20,synthetic,0.1991,3266,0.42571,0.29607,0.02833,0.75010,0.16711,1.50021,300.041,288.710,374.640
frontier,bitcos_stream5_bank_fed,nf_sized,1750,2.00,1412.194,yes,0.1869,z0.20,synthetic,0.1991,3290,0.51487,0.26512,0.02960,0.80958,0.25493,1.61917,323.833,311.994,404.347
frontier,bitcos_stream5_direct,map_sized,1850,2.00,1099.644,yes,0.0852,z0.20,synthetic,0.1991,3023,0.41934,0.31093,0.02500,0.75527,0.15748,1.51054,302.107,292.107,377.220
frontier,bitcos_stream5_directiso,map_sized,1800,2.00,1095.122,yes,0.1029,z0.20,synthetic,0.1991,2975,0.41964,0.30666,0.02465,0.75095,0.15719,1.50191,300.382,290.521,375.065
frontier,bitcos_stream5_fed,nf_sized,1850,2.00,1573.656,yes,0.0852,z0.20,synthetic,0.1991,3693,0.59742,0.32454,0.03286,0.95482,0.29989,1.90964,381.927,368.783,476.885
frontier,tace_stream5,map_sized,1950,2.00,1044.050,yes,0.0256,z0.30,synthetic,0.2995,2762,0.37052,0.28273,0.02383,0.67708,0.12248,1.35416,270.831,261.299,386.641
frontier,tace_stream5_fed,map_sized,1950,2.00,1221.206,yes,0.0316,z0.30,synthetic,0.2995,3266,0.42062,0.29049,0.02832,0.73943,0.16688,1.47886,295.771,284.445,422.246
frontier,bitcos_stream5_bank_fed,nf_sized,1750,2.00,1412.194,yes,0.1869,z0.30,synthetic,0.2995,3290,0.51017,0.26434,0.02952,0.80402,0.25285,1.60805,321.609,309.802,459.133
frontier,bitcos_stream5_direct,map_sized,1850,2.00,1099.644,yes,0.0852,z0.30,synthetic,0.2995,3023,0.41786,0.31187,0.02495,0.75469,0.15728,1.50937,301.874,291.892,430.958
frontier,bitcos_stream5_directiso,map_sized,1800,2.00,1095.122,yes,0.1029,z0.30,synthetic,0.2995,2975,0.41773,0.30663,0.02454,0.74890,0.15699,1.49780,299.559,289.744,427.653
frontier,bitcos_stream5_fed,nf_sized,1850,2.00,1573.656,yes,0.0852,z0.30,synthetic,0.2995,3693,0.59669,0.32511,0.03278,0.95459,0.29772,1.90918,381.835,368.723,545.111
frontier,tace_stream5,map_sized,1950,2.00,1044.050,yes,0.0256,z0.4221,synthetic,0.4225,2762,0.36615,0.27098,0.02382,0.66095,0.12732,1.32190,264.380,254.852,457.822
frontier,tace_stream5_fed,map_sized,1950,2.00,1221.206,yes,0.0316,z0.4221,synthetic,0.4225,3266,0.41574,0.27892,0.02830,0.72295,0.17171,1.44591,289.181,277.863,500.769
frontier,bitcos_stream5_bank_fed,nf_sized,1750,2.00,1412.194,yes,0.1869,z0.4221,synthetic,0.4225,3290,0.50620,0.25775,0.02939,0.79333,0.25593,1.58666,317.332,305.577,549.518
frontier,bitcos_stream5_direct,map_sized,1850,2.00,1099.644,yes,0.0852,z0.4221,synthetic,0.4225,3023,0.41749,0.30811,0.02490,0.75050,0.16230,1.50099,300.199,290.240,519.848
frontier,bitcos_stream5_directiso,map_sized,1800,2.00,1095.122,yes,0.1029,z0.4221,synthetic,0.4225,2975,0.41649,0.30126,0.02440,0.74215,0.16201,1.48430,296.860,287.099,514.066
frontier,bitcos_stream5_fed,nf_sized,1850,2.00,1573.656,yes,0.0852,z0.4221,synthetic,0.4225,3693,0.59506,0.31930,0.03262,0.94698,0.30053,1.89396,378.793,365.745,655.948
frontier,tace_stream5,map_sized,1950,2.00,1044.050,yes,0.0256,z0.50,synthetic,0.5004,2762,0.35479,0.25939,0.02383,0.63801,0.12517,1.27602,255.203,245.671,510.839
frontier,tace_stream5_fed,map_sized,1950,2.00,1221.206,yes,0.0316,z0.50,synthetic,0.5004,3266,0.40404,0.26734,0.02829,0.69967,0.16957,1.39934,279.867,268.552,560.209
frontier,bitcos_stream5_bank_fed,nf_sized,1750,2.00,1412.194,yes,0.1869,z0.50,synthetic,0.5004,3290,0.49496,0.24961,0.02932,0.77388,0.25257,1.54777,309.553,297.826,619.631
frontier,bitcos_stream5_direct,map_sized,1850,2.00,1099.644,yes,0.0852,z0.50,synthetic,0.5004,3023,0.40862,0.30150,0.02483,0.73494,0.16008,1.46989,293.977,284.045,588.453
frontier,bitcos_stream5_directiso,map_sized,1800,2.00,1095.122,yes,0.1029,z0.50,synthetic,0.5004,2975,0.40660,0.29315,0.02430,0.72405,0.15978,1.44810,289.619,279.901,579.729
frontier,bitcos_stream5_fed,nf_sized,1850,2.00,1573.656,yes,0.0852,z0.50,synthetic,0.5004,3693,0.58410,0.31091,0.03249,0.92750,0.29712,1.85500,370.999,358.003,742.627
frontier,tace_stream5,map_sized,1950,2.00,1044.050,yes,0.0256,z0.60,synthetic,0.6006,2762,0.33363,0.23957,0.02382,0.59702,0.11987,1.19404,238.808,229.279,597.870
frontier,tace_stream5_fed,map_sized,1950,2.00,1221.206,yes,0.0316,z0.60,synthetic,0.6006,3266,0.38236,0.24753,0.02827,0.65817,0.16428,1.31633,263.266,251.957,659.104
frontier,bitcos_stream5_bank_fed,nf_sized,1750,2.00,1412.194,yes,0.1869,z0.60,synthetic,0.6006,3290,0.47304,0.23384,0.02925,0.73613,0.24514,1.47226,294.451,282.753,737.178
frontier,bitcos_stream5_direct,map_sized,1850,2.00,1099.644,yes,0.0852,z0.60,synthetic,0.6006,3023,0.38988,0.28687,0.02476,0.70150,0.15444,1.40301,280.601,270.697,702.504
frontier,bitcos_stream5_directiso,map_sized,1800,2.00,1095.122,yes,0.1029,z0.60,synthetic,0.6006,2975,0.38651,0.27658,0.02417,0.68726,0.15413,1.37452,274.904,265.235,688.241
frontier,bitcos_stream5_fed,nf_sized,1850,2.00,1573.656,yes,0.0852,z0.60,synthetic,0.6006,3693,0.56083,0.29405,0.03238,0.88727,0.28969,1.77453,354.906,341.954,888.531
frontier,tace_stream5,map_sized,1950,2.00,1044.050,yes,0.0256,z0.70,synthetic,0.6993,2762,0.30662,0.21362,0.02383,0.54407,0.11410,1.08813,217.626,208.093,723.733
frontier,tace_stream5_fed,map_sized,1950,2.00,1221.206,yes,0.0316,z0.70,synthetic,0.6993,3266,0.35481,0.22114,0.02827,0.60421,0.15855,1.20842,241.684,230.377,803.737
frontier,bitcos_stream5_bank_fed,nf_sized,1750,2.00,1412.194,yes,0.1869,z0.70,synthetic,0.6993,3290,0.44351,0.21043,0.02917,0.68311,0.23700,1.36622,273.243,261.574,908.691
frontier,bitcos_stream5_direct,map_sized,1850,2.00,1099.644,yes,0.0852,z0.70,synthetic,0.6993,3023,0.36353,0.26328,0.02469,0.65151,0.14772,1.30302,260.605,250.727,866.660
frontier,bitcos_stream5_directiso,map_sized,1800,2.00,1095.122,yes,0.1029,z0.70,synthetic,0.6993,2975,0.35910,0.25168,0.02407,0.63485,0.14740,1.26970,253.940,244.311,844.495
frontier,bitcos_stream5_fed,nf_sized,1850,2.00,1573.656,yes,0.0852,z0.70,synthetic,0.6993,3693,0.52863,0.26850,0.03223,0.82936,0.28170,1.65873,331.746,318.853,1103.245
frontier,tace_stream5,map_sized,2300,2.50,1028.888,yes,0.3209,bitnet,bitnet,0.4387,2727,0.27249,0.20255,0.02314,0.49818,0.09817,1.24546,249.092,237.524,443.741
frontier,tace_stream5_fed,map_sized,2250,2.50,1200.192,yes,0.3275,bitnet,bitnet,0.4387,3185,0.31022,0.20478,0.02714,0.54215,0.13403,1.35537,271.074,257.502,482.902
frontier,bitcos_stream5_bank_fed,default,,2.50,1386.658,yes,0.4400,bitnet,bitnet,0.4387,3226,0.39051,0.18529,0.02878,0.60458,0.20785,1.51145,302.290,287.898,538.510
frontier,bitcos_stream5_direct,default,,2.50,1093.792,yes,0.3688,bitnet,bitnet,0.4387,2805,0.33914,0.21363,0.02360,0.57636,0.14560,1.44091,288.181,276.382,513.377
frontier,bitcos_stream5_directiso,default,,2.50,1088.738,yes,0.3273,bitnet,bitnet,0.4387,2739,0.33268,0.20907,0.02345,0.56520,0.14590,1.41300,282.599,270.874,503.433
frontier,bitcos_stream5_fed,default,,2.50,1545.726,yes,0.3174,bitnet,bitnet,0.4387,3623,0.45848,0.24311,0.03198,0.73358,0.25612,1.83394,366.788,350.797,653.410
frontier,tace_stream5,map_sized,2300,2.50,1028.888,yes,0.3209,z0.20,synthetic,0.1991,2727,0.29192,0.22492,0.02322,0.54006,0.09903,1.35016,270.032,258.422,337.170
frontier,tace_stream5_fed,map_sized,2250,2.50,1200.192,yes,0.3275,z0.20,synthetic,0.1991,3185,0.32999,0.22719,0.02721,0.58440,0.13485,1.46100,292.201,278.594,364.850
frontier,bitcos_stream5_bank_fed,default,,2.50,1386.658,yes,0.4400,z0.20,synthetic,0.1991,3226,0.41266,0.20294,0.02892,0.64452,0.21210,1.61130,322.260,307.800,402.382
frontier,bitcos_stream5_direct,default,,2.50,1093.792,yes,0.3688,z0.20,synthetic,0.1991,2805,0.35238,0.22410,0.02372,0.60020,0.14707,1.50049,300.098,288.240,374.711
frontier,bitcos_stream5_directiso,default,,2.50,1088.738,yes,0.3273,z0.20,synthetic,0.1991,2739,0.34740,0.22114,0.02370,0.59225,0.14743,1.48062,296.125,284.274,369.750
frontier,bitcos_stream5_fed,default,,2.50,1545.726,yes,0.3174,z0.20,synthetic,0.1991,3623,0.47629,0.25688,0.03219,0.76535,0.26141,1.91339,382.677,366.583,477.821
frontier,tace_stream5,map_sized,2300,2.50,1028.888,yes,0.3209,z0.30,synthetic,0.2995,2727,0.28807,0.22056,0.02321,0.53184,0.09885,1.32961,265.922,254.316,379.633
frontier,tace_stream5_fed,map_sized,2250,2.50,1200.192,yes,0.3275,z0.30,synthetic,0.2995,3185,0.32587,0.22266,0.02721,0.57574,0.13466,1.43936,287.872,274.264,410.968
frontier,bitcos_stream5_bank_fed,default,,2.50,1386.658,yes,0.4400,z0.30,synthetic,0.2995,3226,0.40856,0.20026,0.02884,0.63766,0.21045,1.59414,318.829,304.410,455.163
frontier,bitcos_stream5_direct,default,,2.50,1093.792,yes,0.3688,z0.30,synthetic,0.2995,2805,0.35321,0.22512,0.02366,0.60199,0.14682,1.50498,300.997,289.165,429.705
frontier,bitcos_stream5_directiso,default,,2.50,1088.738,yes,0.3273,z0.30,synthetic,0.2995,2739,0.34729,0.22166,0.02359,0.59255,0.14718,1.48137,296.274,284.477,422.963
frontier,bitcos_stream5_fed,default,,2.50,1545.726,yes,0.3174,z0.30,synthetic,0.2995,3623,0.47582,0.25730,0.03211,0.76522,0.25970,1.91306,382.612,366.559,546.220
frontier,tace_stream5,map_sized,2300,2.50,1028.888,yes,0.3209,z0.4221,synthetic,0.4225,2727,0.28478,0.21157,0.02321,0.51956,0.10272,1.29890,259.781,248.175,449.857
frontier,tace_stream5_fed,map_sized,2250,2.50,1200.192,yes,0.3275,z0.4221,synthetic,0.4225,3185,0.32226,0.21352,0.02722,0.56300,0.13852,1.40751,281.502,267.891,487.471
frontier,bitcos_stream5_bank_fed,default,,2.50,1386.658,yes,0.4400,z0.4221,synthetic,0.4225,3226,0.40536,0.19357,0.02871,0.62763,0.21316,1.56908,313.816,299.463,543.429
frontier,bitcos_stream5_direct,default,,2.50,1093.792,yes,0.3688,z0.4221,synthetic,0.4225,2805,0.35407,0.22230,0.02355,0.59992,0.15093,1.49980,299.960,288.186,519.435
frontier,bitcos_stream5_directiso,default,,2.50,1088.738,yes,0.3273,z0.4221,synthetic,0.4225,2739,0.34747,0.21790,0.02344,0.58881,0.15124,1.47203,294.406,282.685,509.816
frontier,bitcos_stream5_fed,default,,2.50,1545.726,yes,0.3174,z0.4221,synthetic,0.4225,3623,0.47484,0.25262,0.03194,0.75939,0.26220,1.89849,379.697,363.726,657.514
frontier,tace_stream5,map_sized,2300,2.50,1028.888,yes,0.3209,z0.50,synthetic,0.5004,2727,0.27620,0.20282,0.02320,0.50222,0.10100,1.25555,251.110,239.510,502.645
frontier,tace_stream5_fed,map_sized,2250,2.50,1200.192,yes,0.3275,z0.50,synthetic,0.5004,3185,0.31359,0.20483,0.02721,0.54563,0.13681,1.36407,272.814,259.209,546.091
frontier,bitcos_stream5_bank_fed,default,,2.50,1386.658,yes,0.4400,z0.50,synthetic,0.5004,3226,0.39614,0.18684,0.02863,0.61161,0.21051,1.52904,305.807,291.491,612.133
frontier,bitcos_stream5_direct,default,,2.50,1093.792,yes,0.3688,z0.50,synthetic,0.5004,2805,0.34669,0.21737,0.02346,0.58752,0.14908,1.46879,293.759,282.029,588.015
frontier,bitcos_stream5_directiso,default,,2.50,1088.738,yes,0.3273,z0.50,synthetic,0.5004,2739,0.33960,0.21204,0.02333,0.57498,0.14935,1.43744,287.488,275.820,575.462
frontier,bitcos_stream5_fed,default,,2.50,1545.726,yes,0.3174,z0.50,synthetic,0.5004,3623,0.46590,0.24591,0.03181,0.74363,0.25949,1.85907,371.813,355.907,744.256
frontier,tace_stream5,map_sized,2300,2.50,1028.888,yes,0.3209,z0.60,synthetic,0.6006,2727,0.25993,0.18768,0.02318,0.47079,0.09676,1.17698,235.397,223.808,589.331
frontier,tace_stream5_fed,map_sized,2250,2.50,1200.192,yes,0.3275,z0.60,synthetic,0.6006,3185,0.29731,0.18987,0.02719,0.51436,0.13258,1.28590,257.179,243.586,643.865
frontier,bitcos_stream5_bank_fed,default,,2.50,1386.658,yes,0.4400,z0.60,synthetic,0.6006,3226,0.37863,0.17473,0.02856,0.58192,0.20448,1.45479,290.959,276.679,728.434
frontier,bitcos_stream5_direct,default,,2.50,1093.792,yes,0.3688,z0.60,synthetic,0.6006,2805,0.33030,0.20633,0.02340,0.56002,0.14427,1.40005,280.010,268.311,701.023
frontier,bitcos_stream5_directiso,default,,2.50,1088.738,yes,0.3273,z0.60,synthetic,0.6006,2739,0.32299,0.19981,0.02323,0.54603,0.14447,1.36507,273.014,261.400,683.507
frontier,bitcos_stream5_fed,default,,2.50,1545.726,yes,0.3174,z0.60,synthetic,0.6006,3623,0.44729,0.23248,0.03170,0.71147,0.25337,1.77869,355.737,339.887,890.612
frontier,tace_stream5,map_sized,2300,2.50,1028.888,yes,0.3209,z0.70,synthetic,0.6993,2727,0.23939,0.16780,0.02315,0.43034,0.09214,1.07584,215.168,203.594,715.557
frontier,tace_stream5_fed,map_sized,2250,2.50,1200.192,yes,0.3275,z0.70,synthetic,0.6993,3185,0.27682,0.17024,0.02715,0.47420,0.12799,1.18551,237.102,223.527,788.500
frontier,bitcos_stream5_bank_fed,default,,2.50,1386.658,yes,0.4400,z0.70,synthetic,0.6993,3226,0.35497,0.15727,0.02849,0.54073,0.19748,1.35182,270.364,256.121,899.114
frontier,bitcos_stream5_direct,default,,2.50,1093.792,yes,0.3688,z0.70,synthetic,0.6993,2805,0.30633,0.18864,0.02332,0.51829,0.13808,1.29573,259.146,247.485,861.810
frontier,bitcos_stream5_directiso,default,,2.50,1088.738,yes,0.3273,z0.70,synthetic,0.6993,2739,0.29954,0.18140,0.02312,0.50406,0.13818,1.26015,252.030,240.470,838.146
frontier,bitcos_stream5_fed,default,,2.50,1545.726,yes,0.3174,z0.70,synthetic,0.6993,3623,0.42137,0.21216,0.03155,0.66508,0.24628,1.66271,332.541,316.766,1105.892
