clock_period_ns,input_bytes_per_8_cycles,workload,zero_density,area,meets_period,slack_ns,p_total_mw,window_ns,weights,energy_per_weight_fj,dynamic_energy_per_weight_fj
1.60,5,bitnet,0.4387,244.720,yes,1.1289,0.13176,19660.6400,61440,42.1622,40.7045
1.60,5,z0.20,0.1991,244.720,yes,1.1289,0.14991,19660.6400,61440,47.9719,46.4972
1.60,5,z0.30,0.2995,244.720,yes,1.1289,0.14025,19660.6400,61440,44.8793,43.4117
1.60,5,z0.4221,0.4225,244.720,yes,1.1289,0.13353,19660.6400,61440,42.7283,41.2695
1.60,5,z0.50,0.5004,244.720,yes,1.1289,0.13230,19660.6400,61440,42.3362,40.8840
1.60,5,z0.60,0.6006,244.720,yes,1.1289,0.13434,19660.6400,61440,42.9883,41.5465
1.60,5,z0.70,0.6993,244.720,yes,1.1289,0.14025,19660.6400,61440,44.8798,43.4518
1.60,8,bitnet,0.4387,244.720,yes,1.1289,0.15419,12292.6400,61440,30.8500,29.9408
1.60,8,z0.20,0.1991,244.720,yes,1.1289,0.16945,12292.6400,61440,33.9033,32.9833
1.60,8,z0.30,0.2995,244.720,yes,1.1289,0.16194,12292.6400,61440,32.3996,31.4841
1.60,8,z0.4221,0.4225,244.720,yes,1.1289,0.15661,12292.6400,61440,31.3338,30.4238
1.60,8,z0.50,0.5004,244.720,yes,1.1289,0.15560,12292.6400,61440,31.1322,30.2263
1.60,8,z0.60,0.6006,244.720,yes,1.1289,0.15724,12292.6400,61440,31.4605,30.5612
1.60,8,z0.70,0.6993,244.720,yes,1.1289,0.16201,12292.6400,61440,32.4135,31.5228
2.00,5,bitnet,0.4387,244.720,yes,1.5289,0.10632,24575.8000,61440,42.5267,40.7045
2.00,5,z0.20,0.1991,244.720,yes,1.5289,0.12085,24575.8000,61440,48.3405,46.4972
2.00,5,z0.30,0.2995,244.720,yes,1.5289,0.11312,24575.8000,61440,45.2462,43.4117
2.00,5,z0.4221,0.4225,244.720,yes,1.5289,0.10773,24575.8000,61440,43.0930,41.2695
2.00,5,z0.50,0.5004,244.720,yes,1.5289,0.10675,24575.8000,61440,42.6992,40.8840
2.00,5,z0.60,0.6006,244.720,yes,1.5289,0.10837,24575.8000,61440,43.3487,41.5465
2.00,5,z0.70,0.6993,244.720,yes,1.5289,0.11309,24575.8000,61440,45.2368,43.4518
2.00,8,bitnet,0.4387,244.720,yes,1.5289,0.12426,15365.8000,61440,31.0773,29.9409
2.00,8,z0.20,0.1991,244.720,yes,1.5289,0.13648,15365.8000,61440,34.1333,32.9833
2.00,8,z0.30,0.2995,244.720,yes,1.5289,0.13046,15365.8000,61440,32.6285,31.4841
2.00,8,z0.4221,0.4225,244.720,yes,1.5289,0.12620,15365.8000,61440,31.5613,30.4238
2.00,8,z0.50,0.5004,244.720,yes,1.5289,0.12539,15365.8000,61440,31.3587,30.2263
2.00,8,z0.60,0.6006,244.720,yes,1.5289,0.12669,15365.8000,61440,31.6853,30.5612
2.00,8,z0.70,0.6993,244.720,yes,1.5289,0.13050,15365.8000,61440,32.6362,31.5228
2.50,5,bitnet,0.4387,244.720,yes,2.0289,0.08597,30719.7500,61440,42.9822,40.7045
2.50,5,z0.20,0.1991,244.720,yes,2.0289,0.09760,30719.7500,61440,48.8013,46.4972
2.50,5,z0.30,0.2995,244.720,yes,2.0289,0.09141,30719.7500,61440,45.7048,43.4117
2.50,5,z0.4221,0.4225,244.720,yes,2.0289,0.08710,30719.7500,61440,43.5489,41.2695
2.50,5,z0.50,0.5004,244.720,yes,2.0289,0.08631,30719.7500,61440,43.1530,40.8840
2.50,5,z0.60,0.6006,244.720,yes,2.0289,0.08760,30719.7500,61440,43.7992,41.5465
2.50,5,z0.70,0.6993,244.720,yes,2.0289,0.09137,30719.7500,61440,45.6830,43.4518
2.50,8,bitnet,0.4387,244.720,yes,2.0289,0.10032,19207.2500,61440,31.3614,29.9408
2.50,8,z0.20,0.1991,244.720,yes,2.0289,0.11010,19207.2500,61440,34.4207,32.9833
2.50,8,z0.30,0.2995,244.720,yes,2.0289,0.10529,19207.2500,61440,32.9146,31.4841
2.50,8,z0.4221,0.4225,244.720,yes,2.0289,0.10187,19207.2500,61440,31.8456,30.4238
2.50,8,z0.50,0.5004,244.720,yes,2.0289,0.10122,19207.2500,61440,31.6418,30.2263
2.50,8,z0.60,0.6006,244.720,yes,2.0289,0.10225,19207.2500,61440,31.9663,30.5612
2.50,8,z0.70,0.6993,244.720,yes,2.0289,0.10529,19207.2500,61440,32.9145,31.5228
